ticker,trade_id,ts,yes_price,count,taker_side,raw_json
KXETH15M-26APR280545-45,646ca0c7-37b7-6330-eb04-1e6591187027,1777368603,0.5,1.0,no,"{""count_fp"":""1.00"",""created_time"":""2026-04-28T09:30:03.967357Z"",""no_price_dollars"":""0.5000"",""taker_side"":""no"",""ticker"":""KXETH15M-26APR280545-45"",""trade_id"":""646ca0c7-37b7-6330-eb04-1e6591187027"",""yes_price_dollars"":""0.5000""}"
KXETH15M-26APR280545-45,ae2a7c07-743e-670e-fb34-736c8536c9b3,1777368606,0.39,6.0,no,"{""count_fp"":""6.00"",""created_time"":""2026-04-28T09:30:06.428433Z"",""no_price_dollars"":""0.6100"",""taker_side"":""no"",""ticker"":""KXETH15M-26APR280545-45"",""trade_id"":""ae2a7c07-743e-670e-fb34-736c8536c9b3"",""yes_price_dollars"":""0.3900""}"
KXETH15M-26APR280545-45,0e1e410c-3ffb-6a62-835e-b7a8a6e10fa7,1777368608,0.56,8.66,yes,"{""count_fp"":""8.66"",""created_time"":""2026-04-28T09:30:08.796968Z"",""no_price_dollars"":""0.4400"",""taker_side"":""yes"",""ticker"":""KXETH15M-26APR280545-45"",""trade_id"":""0e1e410c-3ffb-6a62-835e-b7a8a6e10fa7"",""yes_price_dollars"":""0.5600""}"
KXETH15M-26APR280545-45,83c6a8c2-41d1-6224-d26e-cfe446910e1d,1777368613,0.5,8.69,yes,"{""count_fp"":""8.69"",""created_time"":""2026-04-28T09:30:13.468568Z"",""no_price_dollars"":""0.5000"",""taker_side"":""yes"",""ticker"":""KXETH15M-26APR280545-45"",""trade_id"":""83c6a8c2-41d1-6224-d26e-cfe446910e1d"",""yes_price_dollars"":""0.5000""}"
KXETH15M-26APR280545-45,c25d22c2-3cf2-49f6-88a9-aacbca265bd3,1777368624,0.41,1.0,no,"{""count_fp"":""1.00"",""created_time"":""2026-04-28T09:30:24.141453Z"",""no_price_dollars"":""0.5900"",""taker_side"":""no"",""ticker"":""KXETH15M-26APR280545-45"",""trade_id"":""c25d22c2-3cf2-49f6-88a9-aacbca265bd3"",""yes_price_dollars"":""0.4100""}"
KXETH15M-26APR280545-45,1e580674-9b7e-7dee-d28f-fc5b57c93f6f,1777368626,0.41,5.0,no,"{""count_fp"":""5.00"",""created_time"":""2026-04-28T09:30:26.722085Z"",""no_price_dollars"":""0.5900"",""taker_side"":""no"",""ticker"":""KXETH15M-26APR280545-45"",""trade_id"":""1e580674-9b7e-7dee-d28f-fc5b57c93f6f"",""yes_price_dollars"":""0.4100""}"
KXETH15M-26APR280545-45,cd2d4fd9-1d07-64d6-4bc4-206167ded1fa,1777368627,0.43,1.0,yes,"{""count_fp"":""1.00"",""created_time"":""2026-04-28T09:30:27.409251Z"",""no_price_dollars"":""0.5700"",""taker_side"":""yes"",""ticker"":""KXETH15M-26APR280545-45"",""trade_id"":""cd2d4fd9-1d07-64d6-4bc4-206167ded1fa"",""yes_price_dollars"":""0.4300""}"
KXETH15M-26APR280545-45,26855219-8462-4588-36aa-95dd8c8bf9d7,1777368628,0.46,5.0,no,"{""count_fp"":""5.00"",""created_time"":""2026-04-28T09:30:28.021789Z"",""no_price_dollars"":""0.5400"",""taker_side"":""no"",""ticker"":""KXETH15M-26APR280545-45"",""trade_id"":""26855219-8462-4588-36aa-95dd8c8bf9d7"",""yes_price_dollars"":""0.4600""}"
KXETH15M-26APR280545-45,007c5585-f74e-7cd0-bde6-b28aa87dc633,1777368629,0.46,10.0,no,"{""count_fp"":""10.00"",""created_time"":""2026-04-28T09:30:29.969487Z"",""no_price_dollars"":""0.5400"",""taker_side"":""no"",""ticker"":""KXETH15M-26APR280545-45"",""trade_id"":""007c5585-f74e-7cd0-bde6-b28aa87dc633"",""yes_price_dollars"":""0.4600""}"
KXETH15M-26APR280545-45,4a6c612c-13d2-4fc4-36d5-9d1e614e3a07,1777368631,0.46,3.0,no,"{""count_fp"":""3.00"",""created_time"":""2026-04-28T09:30:31.001073Z"",""no_price_dollars"":""0.5400"",""taker_side"":""no"",""ticker"":""KXETH15M-26APR280545-45"",""trade_id"":""4a6c612c-13d2-4fc4-36d5-9d1e614e3a07"",""yes_price_dollars"":""0.4600""}"
KXETH15M-26APR280545-45,9945a415-9900-64ca-f134-bc7db8bcd009,1777368632,0.43,8.0,no,"{""count_fp"":""8.00"",""created_time"":""2026-04-28T09:30:32.609175Z"",""no_price_dollars"":""0.5700"",""taker_side"":""no"",""ticker"":""KXETH15M-26APR280545-45"",""trade_id"":""9945a415-9900-64ca-f134-bc7db8bcd009"",""yes_price_dollars"":""0.4300""}"
KXETH15M-26APR280545-45,9bc93f71-cd7d-527b-dc54-7f31e3ec748e,1777368635,0.44,2.0,no,"{""count_fp"":""2.00"",""created_time"":""2026-04-28T09:30:35.470363Z"",""no_price_dollars"":""0.5600"",""taker_side"":""no"",""ticker"":""KXETH15M-26APR280545-45"",""trade_id"":""9bc93f71-cd7d-527b-dc54-7f31e3ec748e"",""yes_price_dollars"":""0.4400""}"
KXETH15M-26APR280545-45,53694f50-2f64-5402-cf68-150b1cbcea35,1777368635,0.44,3.0,no,"{""count_fp"":""3.00"",""created_time"":""2026-04-28T09:30:35.470363Z"",""no_price_dollars"":""0.5600"",""taker_side"":""no"",""ticker"":""KXETH15M-26APR280545-45"",""trade_id"":""53694f50-2f64-5402-cf68-150b1cbcea35"",""yes_price_dollars"":""0.4400""}"
KXETH15M-26APR280545-45,fcf82df1-42e8-57d3-4f8e-2cc37ed4e20c,1777368641,0.44,2.0,no,"{""count_fp"":""2.00"",""created_time"":""2026-04-28T09:30:41.274393Z"",""no_price_dollars"":""0.5600"",""taker_side"":""no"",""ticker"":""KXETH15M-26APR280545-45"",""trade_id"":""fcf82df1-42e8-57d3-4f8e-2cc37ed4e20c"",""yes_price_dollars"":""0.4400""}"
KXETH15M-26APR280545-45,29bdf708-ecd8-50c6-0a2d-b030f4f04fe1,1777368645,0.41,2.0,no,"{""count_fp"":""2.00"",""created_time"":""2026-04-28T09:30:45.999803Z"",""no_price_dollars"":""0.5900"",""taker_side"":""no"",""ticker"":""KXETH15M-26APR280545-45"",""trade_id"":""29bdf708-ecd8-50c6-0a2d-b030f4f04fe1"",""yes_price_dollars"":""0.4100""}"
KXETH15M-26APR280545-45,6023424a-cf12-416d-78e8-dc4f707fcc70,1777368646,0.41,1.66,no,"{""count_fp"":""1.66"",""created_time"":""2026-04-28T09:30:46.817428Z"",""no_price_dollars"":""0.5900"",""taker_side"":""no"",""ticker"":""KXETH15M-26APR280545-45"",""trade_id"":""6023424a-cf12-416d-78e8-dc4f707fcc70"",""yes_price_dollars"":""0.4100""}"
KXETH15M-26APR280545-45,45362d12-0d06-47ba-0f09-670b478c2e4a,1777368654,0.44,3.0,yes,"{""count_fp"":""3.00"",""created_time"":""2026-04-28T09:30:54.371504Z"",""no_price_dollars"":""0.5600"",""taker_side"":""yes"",""ticker"":""KXETH15M-26APR280545-45"",""trade_id"":""45362d12-0d06-47ba-0f09-670b478c2e4a"",""yes_price_dollars"":""0.4400""}"
KXETH15M-26APR280545-45,a330657d-ff22-462e-654e-ec44d519f0f4,1777368660,0.42,1.0,no,"{""count_fp"":""1.00"",""created_time"":""2026-04-28T09:31:00.885408Z"",""no_price_dollars"":""0.5800"",""taker_side"":""no"",""ticker"":""KXETH15M-26APR280545-45"",""trade_id"":""a330657d-ff22-462e-654e-ec44d519f0f4"",""yes_price_dollars"":""0.4200""}"
KXETH15M-26APR280545-45,c9cdfce4-765e-5ec4-0650-25276d57b256,1777368667,0.42,3.0,yes,"{""count_fp"":""3.00"",""created_time"":""2026-04-28T09:31:07.715158Z"",""no_price_dollars"":""0.5800"",""taker_side"":""yes"",""ticker"":""KXETH15M-26APR280545-45"",""trade_id"":""c9cdfce4-765e-5ec4-0650-25276d57b256"",""yes_price_dollars"":""0.4200""}"
KXETH15M-26APR280545-45,667d6fd0-d01e-4c30-86b6-c85b24c7eb0b,1777368675,0.41,5.0,no,"{""count_fp"":""5.00"",""created_time"":""2026-04-28T09:31:15.814297Z"",""no_price_dollars"":""0.5900"",""taker_side"":""no"",""ticker"":""KXETH15M-26APR280545-45"",""trade_id"":""667d6fd0-d01e-4c30-86b6-c85b24c7eb0b"",""yes_price_dollars"":""0.4100""}"
KXETH15M-26APR280545-45,d93340b5-576a-5114-3314-08c91b22bedf,1777368679,0.41,99.0,no,"{""count_fp"":""99.00"",""created_time"":""2026-04-28T09:31:19.942765Z"",""no_price_dollars"":""0.5900"",""taker_side"":""no"",""ticker"":""KXETH15M-26APR280545-45"",""trade_id"":""d93340b5-576a-5114-3314-08c91b22bedf"",""yes_price_dollars"":""0.4100""}"
KXETH15M-26APR280545-45,96978a62-503d-4f91-d62a-1668bcd1549b,1777368680,0.41,10.0,no,"{""count_fp"":""10.00"",""created_time"":""2026-04-28T09:31:20.755271Z"",""no_price_dollars"":""0.5900"",""taker_side"":""no"",""ticker"":""KXETH15M-26APR280545-45"",""trade_id"":""96978a62-503d-4f91-d62a-1668bcd1549b"",""yes_price_dollars"":""0.4100""}"
KXETH15M-26APR280545-45,c240613a-56bb-5a42-4f90-8c6e9926956c,1777368681,0.41,1.0,no,"{""count_fp"":""1.00"",""created_time"":""2026-04-28T09:31:21.975497Z"",""no_price_dollars"":""0.5900"",""taker_side"":""no"",""ticker"":""KXETH15M-26APR280545-45"",""trade_id"":""c240613a-56bb-5a42-4f90-8c6e9926956c"",""yes_price_dollars"":""0.4100""}"
KXETH15M-26APR280545-45,1dd1be24-8eaf-5f1c-553f-d4154c72c622,1777368681,0.4,9.0,no,"{""count_fp"":""9.00"",""created_time"":""2026-04-28T09:31:21.975497Z"",""no_price_dollars"":""0.6000"",""taker_side"":""no"",""ticker"":""KXETH15M-26APR280545-45"",""trade_id"":""1dd1be24-8eaf-5f1c-553f-d4154c72c622"",""yes_price_dollars"":""0.4000""}"
KXETH15M-26APR280545-45,47decd23-a253-5dd0-c1c8-bea72a016c1a,1777368682,0.4,1.0,no,"{""count_fp"":""1.00"",""created_time"":""2026-04-28T09:31:22.335682Z"",""no_price_dollars"":""0.6000"",""taker_side"":""no"",""ticker"":""KXETH15M-26APR280545-45"",""trade_id"":""47decd23-a253-5dd0-c1c8-bea72a016c1a"",""yes_price_dollars"":""0.4000""}"
KXETH15M-26APR280545-45,5fc595de-785f-66f0-3c38-ee23da2477f2,1777368683,0.4,9.0,no,"{""count_fp"":""9.00"",""created_time"":""2026-04-28T09:31:23.685737Z"",""no_price_dollars"":""0.6000"",""taker_side"":""no"",""ticker"":""KXETH15M-26APR280545-45"",""trade_id"":""5fc595de-785f-66f0-3c38-ee23da2477f2"",""yes_price_dollars"":""0.4000""}"
KXETH15M-26APR280545-45,33e63538-309c-6551-2434-2b0bfd417769,1777368683,0.4,1.0,no,"{""count_fp"":""1.00"",""created_time"":""2026-04-28T09:31:23.685737Z"",""no_price_dollars"":""0.6000"",""taker_side"":""no"",""ticker"":""KXETH15M-26APR280545-45"",""trade_id"":""33e63538-309c-6551-2434-2b0bfd417769"",""yes_price_dollars"":""0.4000""}"
KXETH15M-26APR280545-45,dc612ed1-0318-6469-0ac2-3bcfae5ff515,1777368683,0.4,4.0,no,"{""count_fp"":""4.00"",""created_time"":""2026-04-28T09:31:23.026737Z"",""no_price_dollars"":""0.6000"",""taker_side"":""no"",""ticker"":""KXETH15M-26APR280545-45"",""trade_id"":""dc612ed1-0318-6469-0ac2-3bcfae5ff515"",""yes_price_dollars"":""0.4000""}"
KXETH15M-26APR280545-45,be169c5e-8a5b-6a0c-3224-c722fd0bc20a,1777368683,0.4,1.0,no,"{""count_fp"":""1.00"",""created_time"":""2026-04-28T09:31:23.026737Z"",""no_price_dollars"":""0.6000"",""taker_side"":""no"",""ticker"":""KXETH15M-26APR280545-45"",""trade_id"":""be169c5e-8a5b-6a0c-3224-c722fd0bc20a"",""yes_price_dollars"":""0.4000""}"
KXETH15M-26APR280545-45,42b40e1d-d81e-49a8-36c8-e7d0ba1f014b,1777368687,0.39,5.0,no,"{""count_fp"":""5.00"",""created_time"":""2026-04-28T09:31:27.847524Z"",""no_price_dollars"":""0.6100"",""taker_side"":""no"",""ticker"":""KXETH15M-26APR280545-45"",""trade_id"":""42b40e1d-d81e-49a8-36c8-e7d0ba1f014b"",""yes_price_dollars"":""0.3900""}"
KXETH15M-26APR280545-45,a5b14781-37fe-48f0-069d-fa68a92d4c8b,1777368687,0.39,68.66,no,"{""count_fp"":""68.66"",""created_time"":""2026-04-28T09:31:27.717902Z"",""no_price_dollars"":""0.6100"",""taker_side"":""no"",""ticker"":""KXETH15M-26APR280545-45"",""trade_id"":""a5b14781-37fe-48f0-069d-fa68a92d4c8b"",""yes_price_dollars"":""0.3900""}"
KXETH15M-26APR280545-45,27f8243a-d836-57a8-a23a-1fb0a25cdc0b,1777368688,0.39,10.0,no,"{""count_fp"":""10.00"",""created_time"":""2026-04-28T09:31:28.201656Z"",""no_price_dollars"":""0.6100"",""taker_side"":""no"",""ticker"":""KXETH15M-26APR280545-45"",""trade_id"":""27f8243a-d836-57a8-a23a-1fb0a25cdc0b"",""yes_price_dollars"":""0.3900""}"
KXETH15M-26APR280545-45,589f613b-ddd2-53f8-7a99-555444c9b3ab,1777368689,0.39,9.0,no,"{""count_fp"":""9.00"",""created_time"":""2026-04-28T09:31:29.826845Z"",""no_price_dollars"":""0.6100"",""taker_side"":""no"",""ticker"":""KXETH15M-26APR280545-45"",""trade_id"":""589f613b-ddd2-53f8-7a99-555444c9b3ab"",""yes_price_dollars"":""0.3900""}"
KXETH15M-26APR280545-45,bc9bd0a3-735e-74e0-c5d0-6f54db0dd1ef,1777368689,0.39,85.0,no,"{""count_fp"":""85.00"",""created_time"":""2026-04-28T09:31:29.017536Z"",""no_price_dollars"":""0.6100"",""taker_side"":""no"",""ticker"":""KXETH15M-26APR280545-45"",""trade_id"":""bc9bd0a3-735e-74e0-c5d0-6f54db0dd1ef"",""yes_price_dollars"":""0.3900""}"
KXETH15M-26APR280545-45,8f3635d5-c6fa-62e4-32d6-12d5cd52b57f,1777368690,0.39,50.0,no,"{""count_fp"":""50.00"",""created_time"":""2026-04-28T09:31:30.649285Z"",""no_price_dollars"":""0.6100"",""taker_side"":""no"",""ticker"":""KXETH15M-26APR280545-45"",""trade_id"":""8f3635d5-c6fa-62e4-32d6-12d5cd52b57f"",""yes_price_dollars"":""0.3900""}"
KXETH15M-26APR280545-45,97a4086c-e4a6-6d9c-5015-0dd20795213f,1777368691,0.39,5.0,no,"{""count_fp"":""5.00"",""created_time"":""2026-04-28T09:31:31.466955Z"",""no_price_dollars"":""0.6100"",""taker_side"":""no"",""ticker"":""KXETH15M-26APR280545-45"",""trade_id"":""97a4086c-e4a6-6d9c-5015-0dd20795213f"",""yes_price_dollars"":""0.3900""}"
KXETH15M-26APR280545-45,0dd8e256-927e-5c68-cb7a-46916370611b,1777368698,0.39,1.0,no,"{""count_fp"":""1.00"",""created_time"":""2026-04-28T09:31:38.615795Z"",""no_price_dollars"":""0.6100"",""taker_side"":""no"",""ticker"":""KXETH15M-26APR280545-45"",""trade_id"":""0dd8e256-927e-5c68-cb7a-46916370611b"",""yes_price_dollars"":""0.3900""}"
KXETH15M-26APR280545-45,613ee961-d69e-6cd8-d325-f8e59585aed3,1777368699,0.39,3.19,no,"{""count_fp"":""3.19"",""created_time"":""2026-04-28T09:31:39.008564Z"",""no_price_dollars"":""0.6100"",""taker_side"":""no"",""ticker"":""KXETH15M-26APR280545-45"",""trade_id"":""613ee961-d69e-6cd8-d325-f8e59585aed3"",""yes_price_dollars"":""0.3900""}"
KXETH15M-26APR280545-45,1f2fe652-557e-40a8-7f16-c8e866ba122f,1777368701,0.39,10.0,no,"{""count_fp"":""10.00"",""created_time"":""2026-04-28T09:31:41.763589Z"",""no_price_dollars"":""0.6100"",""taker_side"":""no"",""ticker"":""KXETH15M-26APR280545-45"",""trade_id"":""1f2fe652-557e-40a8-7f16-c8e866ba122f"",""yes_price_dollars"":""0.3900""}"
KXETH15M-26APR280545-45,e3d0778a-4f9e-46c4-0674-82def4b04e1b,1777368703,0.39,5.0,no,"{""count_fp"":""5.00"",""created_time"":""2026-04-28T09:31:43.832728Z"",""no_price_dollars"":""0.6100"",""taker_side"":""no"",""ticker"":""KXETH15M-26APR280545-45"",""trade_id"":""e3d0778a-4f9e-46c4-0674-82def4b04e1b"",""yes_price_dollars"":""0.3900""}"
KXETH15M-26APR280545-45,e06e399f-100e-4dcc-10ac-87698545a29b,1777368705,0.39,5.0,no,"{""count_fp"":""5.00"",""created_time"":""2026-04-28T09:31:45.664449Z"",""no_price_dollars"":""0.6100"",""taker_side"":""no"",""ticker"":""KXETH15M-26APR280545-45"",""trade_id"":""e06e399f-100e-4dcc-10ac-87698545a29b"",""yes_price_dollars"":""0.3900""}"
KXETH15M-26APR280545-45,e0e768eb-ed2f-538f-d3c8-00d1a3429d69,1777368706,0.39,10.0,no,"{""count_fp"":""10.00"",""created_time"":""2026-04-28T09:31:46.833861Z"",""no_price_dollars"":""0.6100"",""taker_side"":""no"",""ticker"":""KXETH15M-26APR280545-45"",""trade_id"":""e0e768eb-ed2f-538f-d3c8-00d1a3429d69"",""yes_price_dollars"":""0.3900""}"
KXETH15M-26APR280545-45,56c14635-80aa-4028-50d2-cf87270069db,1777368706,0.39,5.0,no,"{""count_fp"":""5.00"",""created_time"":""2026-04-28T09:31:46.482409Z"",""no_price_dollars"":""0.6100"",""taker_side"":""no"",""ticker"":""KXETH15M-26APR280545-45"",""trade_id"":""56c14635-80aa-4028-50d2-cf87270069db"",""yes_price_dollars"":""0.3900""}"
KXETH15M-26APR280545-45,deffbbf6-f12e-7dcf-0333-5bd5d319471f,1777368711,0.3,1.0,no,"{""count_fp"":""1.00"",""created_time"":""2026-04-28T09:31:51.766028Z"",""no_price_dollars"":""0.7000"",""taker_side"":""no"",""ticker"":""KXETH15M-26APR280545-45"",""trade_id"":""deffbbf6-f12e-7dcf-0333-5bd5d319471f"",""yes_price_dollars"":""0.3000""}"
KXETH15M-26APR280545-45,ed5224aa-c5ee-6de2-f3c2-dbe3f081b637,1777368713,0.28,1.0,no,"{""count_fp"":""1.00"",""created_time"":""2026-04-28T09:31:53.694127Z"",""no_price_dollars"":""0.7200"",""taker_side"":""no"",""ticker"":""KXETH15M-26APR280545-45"",""trade_id"":""ed5224aa-c5ee-6de2-f3c2-dbe3f081b637"",""yes_price_dollars"":""0.2800""}"
KXETH15M-26APR280545-45,075ec664-91d5-45a8-391d-192add646b85,1777368713,0.33,7.0,yes,"{""count_fp"":""7.00"",""created_time"":""2026-04-28T09:31:53.461015Z"",""no_price_dollars"":""0.6700"",""taker_side"":""yes"",""ticker"":""KXETH15M-26APR280545-45"",""trade_id"":""075ec664-91d5-45a8-391d-192add646b85"",""yes_price_dollars"":""0.3300""}"
KXETH15M-26APR280545-45,8784d098-a9f1-50d0-345a-e4ce83c5cc2d,1777368713,0.33,1.0,yes,"{""count_fp"":""1.00"",""created_time"":""2026-04-28T09:31:53.185643Z"",""no_price_dollars"":""0.6700"",""taker_side"":""yes"",""ticker"":""KXETH15M-26APR280545-45"",""trade_id"":""8784d098-a9f1-50d0-345a-e4ce83c5cc2d"",""yes_price_dollars"":""0.3300""}"
KXETH15M-26APR280545-45,dc9ecff4-07ec-7147-0807-8db9c1f7f535,1777368717,0.31,4.0,no,"{""count_fp"":""4.00"",""created_time"":""2026-04-28T09:31:57.575748Z"",""no_price_dollars"":""0.6900"",""taker_side"":""no"",""ticker"":""KXETH15M-26APR280545-45"",""trade_id"":""dc9ecff4-07ec-7147-0807-8db9c1f7f535"",""yes_price_dollars"":""0.3100""}"
KXETH15M-26APR280545-45,2f4f7173-f4ff-7005-1d54-33af034e82ca,1777368717,0.3,1.0,no,"{""count_fp"":""1.00"",""created_time"":""2026-04-28T09:31:57.575748Z"",""no_price_dollars"":""0.7000"",""taker_side"":""no"",""ticker"":""KXETH15M-26APR280545-45"",""trade_id"":""2f4f7173-f4ff-7005-1d54-33af034e82ca"",""yes_price_dollars"":""0.3000""}"
KXETH15M-26APR280545-45,eb89221f-8820-48a3-06ed-74eaa92d0ecd,1777368717,0.31,1.0,no,"{""count_fp"":""1.00"",""created_time"":""2026-04-28T09:31:57.294091Z"",""no_price_dollars"":""0.6900"",""taker_side"":""no"",""ticker"":""KXETH15M-26APR280545-45"",""trade_id"":""eb89221f-8820-48a3-06ed-74eaa92d0ecd"",""yes_price_dollars"":""0.3100""}"
KXETH15M-26APR280545-45,7abfb276-7689-4d2c-d39b-ff2e3b128d01,1777368719,0.33,5.78,yes,"{""count_fp"":""5.78"",""created_time"":""2026-04-28T09:31:59.013269Z"",""no_price_dollars"":""0.6700"",""taker_side"":""yes"",""ticker"":""KXETH15M-26APR280545-45"",""trade_id"":""7abfb276-7689-4d2c-d39b-ff2e3b128d01"",""yes_price_dollars"":""0.3300""}"
KXETH15M-26APR280545-45,54898820-3411-53e8-2f9f-fbd7b284b409,1777368720,0.33,1.64,yes,"{""count_fp"":""1.64"",""created_time"":""2026-04-28T09:32:00.508163Z"",""no_price_dollars"":""0.6700"",""taker_side"":""yes"",""ticker"":""KXETH15M-26APR280545-45"",""trade_id"":""54898820-3411-53e8-2f9f-fbd7b284b409"",""yes_price_dollars"":""0.3300""}"
KXETH15M-26APR280545-45,d3801c4e-aef5-40da-a01f-4740a2fcc26f,1777368726,0.33,2.89,yes,"{""count_fp"":""2.89"",""created_time"":""2026-04-28T09:32:06.936727Z"",""no_price_dollars"":""0.6700"",""taker_side"":""yes"",""ticker"":""KXETH15M-26APR280545-45"",""trade_id"":""d3801c4e-aef5-40da-a01f-4740a2fcc26f"",""yes_price_dollars"":""0.3300""}"
KXETH15M-26APR280545-45,573446c8-d050-5099-e52e-68327796920b,1777368729,0.33,1.66,yes,"{""count_fp"":""1.66"",""created_time"":""2026-04-28T09:32:09.633528Z"",""no_price_dollars"":""0.6700"",""taker_side"":""yes"",""ticker"":""KXETH15M-26APR280545-45"",""trade_id"":""573446c8-d050-5099-e52e-68327796920b"",""yes_price_dollars"":""0.3300""}"
KXETH15M-26APR280545-45,f32e46e6-9591-74b0-8499-dfc8a0f61afd,1777368731,0.33,4.13,yes,"{""count_fp"":""4.13"",""created_time"":""2026-04-28T09:32:11.893217Z"",""no_price_dollars"":""0.6700"",""taker_side"":""yes"",""ticker"":""KXETH15M-26APR280545-45"",""trade_id"":""f32e46e6-9591-74b0-8499-dfc8a0f61afd"",""yes_price_dollars"":""0.3300""}"
KXETH15M-26APR280545-45,f01f7d12-b9ae-704b-824a-1315272b0f96,1777368731,0.33,10.0,yes,"{""count_fp"":""10.00"",""created_time"":""2026-04-28T09:32:11.893217Z"",""no_price_dollars"":""0.6700"",""taker_side"":""yes"",""ticker"":""KXETH15M-26APR280545-45"",""trade_id"":""f01f7d12-b9ae-704b-824a-1315272b0f96"",""yes_price_dollars"":""0.3300""}"
KXETH15M-26APR280545-45,32208541-f58c-731d-8d72-422a8f2496d3,1777368731,0.33,0.34,yes,"{""count_fp"":""0.34"",""created_time"":""2026-04-28T09:32:11.893217Z"",""no_price_dollars"":""0.6700"",""taker_side"":""yes"",""ticker"":""KXETH15M-26APR280545-45"",""trade_id"":""32208541-f58c-731d-8d72-422a8f2496d3"",""yes_price_dollars"":""0.3300""}"
KXETH15M-26APR280545-45,2ac5af89-eb2d-627a-521b-39575df87183,1777368736,0.26,9.0,no,"{""count_fp"":""9.00"",""created_time"":""2026-04-28T09:32:16.225015Z"",""no_price_dollars"":""0.7400"",""taker_side"":""no"",""ticker"":""KXETH15M-26APR280545-45"",""trade_id"":""2ac5af89-eb2d-627a-521b-39575df87183"",""yes_price_dollars"":""0.2600""}"
KXETH15M-26APR280545-45,0f1fa085-25f5-71c0-d408-93cd2010aca6,1777368739,0.3,5.0,yes,"{""count_fp"":""5.00"",""created_time"":""2026-04-28T09:32:19.275545Z"",""no_price_dollars"":""0.7000"",""taker_side"":""yes"",""ticker"":""KXETH15M-26APR280545-45"",""trade_id"":""0f1fa085-25f5-71c0-d408-93cd2010aca6"",""yes_price_dollars"":""0.3000""}"
KXETH15M-26APR280545-45,d059da02-3736-6d4b-26c9-c80cef67c270,1777368742,0.26,8.46,no,"{""count_fp"":""8.46"",""created_time"":""2026-04-28T09:32:22.866373Z"",""no_price_dollars"":""0.7400"",""taker_side"":""no"",""ticker"":""KXETH15M-26APR280545-45"",""trade_id"":""d059da02-3736-6d4b-26c9-c80cef67c270"",""yes_price_dollars"":""0.2600""}"
KXETH15M-26APR280545-45,b8afbb9b-7ef0-6d56-27eb-6ebdfee355ad,1777368742,0.26,1.54,no,"{""count_fp"":""1.54"",""created_time"":""2026-04-28T09:32:22.866373Z"",""no_price_dollars"":""0.7400"",""taker_side"":""no"",""ticker"":""KXETH15M-26APR280545-45"",""trade_id"":""b8afbb9b-7ef0-6d56-27eb-6ebdfee355ad"",""yes_price_dollars"":""0.2600""}"
KXETH15M-26APR280545-45,07065846-3e44-49db-bdbc-5a9673cd102f,1777368742,0.31,10.0,no,"{""count_fp"":""10.00"",""created_time"":""2026-04-28T09:32:22.540054Z"",""no_price_dollars"":""0.6900"",""taker_side"":""no"",""ticker"":""KXETH15M-26APR280545-45"",""trade_id"":""07065846-3e44-49db-bdbc-5a9673cd102f"",""yes_price_dollars"":""0.3100""}"
KXETH15M-26APR280545-45,14bb0c1e-3f9c-479a-7abb-893e46b57497,1777368744,0.31,1.0,yes,"{""count_fp"":""1.00"",""created_time"":""2026-04-28T09:32:24.419722Z"",""no_price_dollars"":""0.6900"",""taker_side"":""yes"",""ticker"":""KXETH15M-26APR280545-45"",""trade_id"":""14bb0c1e-3f9c-479a-7abb-893e46b57497"",""yes_price_dollars"":""0.3100""}"
KXETH15M-26APR280545-45,0175e6fe-57e4-666c-e1b6-40b744f7f862,1777368744,0.3,5.62,yes,"{""count_fp"":""5.62"",""created_time"":""2026-04-28T09:32:24.227413Z"",""no_price_dollars"":""0.7000"",""taker_side"":""yes"",""ticker"":""KXETH15M-26APR280545-45"",""trade_id"":""0175e6fe-57e4-666c-e1b6-40b744f7f862"",""yes_price_dollars"":""0.3000""}"
KXETH15M-26APR280545-45,936598c9-a1a6-54ad-60ba-8772f2a0bc18,1777368747,0.28,1.0,yes,"{""count_fp"":""1.00"",""created_time"":""2026-04-28T09:32:27.986139Z"",""no_price_dollars"":""0.7200"",""taker_side"":""yes"",""ticker"":""KXETH15M-26APR280545-45"",""trade_id"":""936598c9-a1a6-54ad-60ba-8772f2a0bc18"",""yes_price_dollars"":""0.2800""}"
KXETH15M-26APR280545-45,60943990-bac4-5457-9cd8-e51c47f2717c,1777368756,0.26,1.0,no,"{""count_fp"":""1.00"",""created_time"":""2026-04-28T09:32:36.133806Z"",""no_price_dollars"":""0.7400"",""taker_side"":""no"",""ticker"":""KXETH15M-26APR280545-45"",""trade_id"":""60943990-bac4-5457-9cd8-e51c47f2717c"",""yes_price_dollars"":""0.2600""}"
KXETH15M-26APR280545-45,89917955-bb20-56db-b1d9-de858a002a47,1777368765,0.19,4.0,no,"{""count_fp"":""4.00"",""created_time"":""2026-04-28T09:32:45.790827Z"",""no_price_dollars"":""0.8100"",""taker_side"":""no"",""ticker"":""KXETH15M-26APR280545-45"",""trade_id"":""89917955-bb20-56db-b1d9-de858a002a47"",""yes_price_dollars"":""0.1900""}"
KXETH15M-26APR280545-45,1052bacc-6ff6-51cc-9495-41995ab27e3b,1777368765,0.2,1.0,no,"{""count_fp"":""1.00"",""created_time"":""2026-04-28T09:32:45.790827Z"",""no_price_dollars"":""0.8000"",""taker_side"":""no"",""ticker"":""KXETH15M-26APR280545-45"",""trade_id"":""1052bacc-6ff6-51cc-9495-41995ab27e3b"",""yes_price_dollars"":""0.2000""}"
KXETH15M-26APR280545-45,545afcec-6e69-4f2e-fcd5-ff63275dfe8a,1777368765,0.26,5.0,no,"{""count_fp"":""5.00"",""created_time"":""2026-04-28T09:32:45.421762Z"",""no_price_dollars"":""0.7400"",""taker_side"":""no"",""ticker"":""KXETH15M-26APR280545-45"",""trade_id"":""545afcec-6e69-4f2e-fcd5-ff63275dfe8a"",""yes_price_dollars"":""0.2600""}"
KXETH15M-26APR280545-45,123a6bc2-906c-532a-7387-66bf4e5ff5d7,1777368765,0.27,17.61,yes,"{""count_fp"":""17.61"",""created_time"":""2026-04-28T09:32:45.012437Z"",""no_price_dollars"":""0.7300"",""taker_side"":""yes"",""ticker"":""KXETH15M-26APR280545-45"",""trade_id"":""123a6bc2-906c-532a-7387-66bf4e5ff5d7"",""yes_price_dollars"":""0.2700""}"
KXETH15M-26APR280545-45,411bfd32-b30c-6a5e-df65-c21428542387,1777368766,0.21,3.52,yes,"{""count_fp"":""3.52"",""created_time"":""2026-04-28T09:32:46.971575Z"",""no_price_dollars"":""0.7900"",""taker_side"":""yes"",""ticker"":""KXETH15M-26APR280545-45"",""trade_id"":""411bfd32-b30c-6a5e-df65-c21428542387"",""yes_price_dollars"":""0.2100""}"
KXETH15M-26APR280545-45,28eaabce-de0c-45de-54af-83c2ed05836b,1777368769,0.16,17.0,yes,"{""count_fp"":""17.00"",""created_time"":""2026-04-28T09:32:49.803457Z"",""no_price_dollars"":""0.8400"",""taker_side"":""yes"",""ticker"":""KXETH15M-26APR280545-45"",""trade_id"":""28eaabce-de0c-45de-54af-83c2ed05836b"",""yes_price_dollars"":""0.1600""}"
KXETH15M-26APR280545-45,674a2980-50ab-5ded-b195-96ba6faffff7,1777368769,0.16,1.0,no,"{""count_fp"":""1.00"",""created_time"":""2026-04-28T09:32:49.480828Z"",""no_price_dollars"":""0.8400"",""taker_side"":""no"",""ticker"":""KXETH15M-26APR280545-45"",""trade_id"":""674a2980-50ab-5ded-b195-96ba6faffff7"",""yes_price_dollars"":""0.1600""}"
KXETH15M-26APR280545-45,5f818960-288d-5397-b3dc-c3310024287d,1777368769,0.16,52.0,no,"{""count_fp"":""52.00"",""created_time"":""2026-04-28T09:32:49.480828Z"",""no_price_dollars"":""0.8400"",""taker_side"":""no"",""ticker"":""KXETH15M-26APR280545-45"",""trade_id"":""5f818960-288d-5397-b3dc-c3310024287d"",""yes_price_dollars"":""0.1600""}"
KXETH15M-26APR280545-45,2c8d2508-0478-5ab8-981f-8d9b586fbc2a,1777368769,0.16,4.0,no,"{""count_fp"":""4.00"",""created_time"":""2026-04-28T09:32:49.480828Z"",""no_price_dollars"":""0.8400"",""taker_side"":""no"",""ticker"":""KXETH15M-26APR280545-45"",""trade_id"":""2c8d2508-0478-5ab8-981f-8d9b586fbc2a"",""yes_price_dollars"":""0.1600""}"
KXETH15M-26APR280545-45,af7a19ed-f567-4755-e974-aa527d73cf1f,1777368769,0.17,1.0,no,"{""count_fp"":""1.00"",""created_time"":""2026-04-28T09:32:49.449767Z"",""no_price_dollars"":""0.8300"",""taker_side"":""no"",""ticker"":""KXETH15M-26APR280545-45"",""trade_id"":""af7a19ed-f567-4755-e974-aa527d73cf1f"",""yes_price_dollars"":""0.1700""}"
KXETH15M-26APR280545-45,8e6c56bc-72c1-40d4-db05-22875dec2504,1777368769,0.17,7.11,no,"{""count_fp"":""7.11"",""created_time"":""2026-04-28T09:32:49.449767Z"",""no_price_dollars"":""0.8300"",""taker_side"":""no"",""ticker"":""KXETH15M-26APR280545-45"",""trade_id"":""8e6c56bc-72c1-40d4-db05-22875dec2504"",""yes_price_dollars"":""0.1700""}"
KXETH15M-26APR280545-45,6c334dd0-865a-466d-eb64-f4590541375e,1777368769,0.17,7.0,no,"{""count_fp"":""7.00"",""created_time"":""2026-04-28T09:32:49.449767Z"",""no_price_dollars"":""0.8300"",""taker_side"":""no"",""ticker"":""KXETH15M-26APR280545-45"",""trade_id"":""6c334dd0-865a-466d-eb64-f4590541375e"",""yes_price_dollars"":""0.1700""}"
KXETH15M-26APR280545-45,5eb51aef-9c43-5e58-c6a5-3b4c8dc94390,1777368770,0.13,61.0,no,"{""count_fp"":""61.00"",""created_time"":""2026-04-28T09:32:50.685317Z"",""no_price_dollars"":""0.8700"",""taker_side"":""no"",""ticker"":""KXETH15M-26APR280545-45"",""trade_id"":""5eb51aef-9c43-5e58-c6a5-3b4c8dc94390"",""yes_price_dollars"":""0.1300""}"
KXETH15M-26APR280545-45,5a0b4dcf-f6e9-58cf-ea59-c76764696b0c,1777368770,0.13,3.0,no,"{""count_fp"":""3.00"",""created_time"":""2026-04-28T09:32:50.685317Z"",""no_price_dollars"":""0.8700"",""taker_side"":""no"",""ticker"":""KXETH15M-26APR280545-45"",""trade_id"":""5a0b4dcf-f6e9-58cf-ea59-c76764696b0c"",""yes_price_dollars"":""0.1300""}"
KXETH15M-26APR280545-45,277ccafd-2830-4298-8e52-2256ff10b0f3,1777368776,0.11,22.3,no,"{""count_fp"":""22.30"",""created_time"":""2026-04-28T09:32:56.516457Z"",""no_price_dollars"":""0.8900"",""taker_side"":""no"",""ticker"":""KXETH15M-26APR280545-45"",""trade_id"":""277ccafd-2830-4298-8e52-2256ff10b0f3"",""yes_price_dollars"":""0.1100""}"
KXETH15M-26APR280545-45,4547bf8f-ee4c-484c-4a3c-90f200d2686f,1777368777,0.11,1.0,no,"{""count_fp"":""1.00"",""created_time"":""2026-04-28T09:32:57.388217Z"",""no_price_dollars"":""0.8900"",""taker_side"":""no"",""ticker"":""KXETH15M-26APR280545-45"",""trade_id"":""4547bf8f-ee4c-484c-4a3c-90f200d2686f"",""yes_price_dollars"":""0.1100""}"
KXETH15M-26APR280545-45,ee7c92b2-21c4-57d4-0b70-ee05fad254cb,1777368777,0.11,5.0,no,"{""count_fp"":""5.00"",""created_time"":""2026-04-28T09:32:57.013204Z"",""no_price_dollars"":""0.8900"",""taker_side"":""no"",""ticker"":""KXETH15M-26APR280545-45"",""trade_id"":""ee7c92b2-21c4-57d4-0b70-ee05fad254cb"",""yes_price_dollars"":""0.1100""}"
KXETH15M-26APR280545-45,5c01d194-a91c-7a16-f0a6-cba1737d0125,1777368785,0.092,8.66,no,"{""count_fp"":""8.66"",""created_time"":""2026-04-28T09:33:05.909392Z"",""no_price_dollars"":""0.9080"",""taker_side"":""no"",""ticker"":""KXETH15M-26APR280545-45"",""trade_id"":""5c01d194-a91c-7a16-f0a6-cba1737d0125"",""yes_price_dollars"":""0.0920""}"
KXETH15M-26APR280545-45,83603221-eb11-527d-60a3-97177f58d1b9,1777368786,0.11,10.0,yes,"{""count_fp"":""10.00"",""created_time"":""2026-04-28T09:33:06.065558Z"",""no_price_dollars"":""0.8900"",""taker_side"":""yes"",""ticker"":""KXETH15M-26APR280545-45"",""trade_id"":""83603221-eb11-527d-60a3-97177f58d1b9"",""yes_price_dollars"":""0.1100""}"
KXETH15M-26APR280545-45,59d1f400-4998-74ea-b865-64a425b505eb,1777368792,0.13,14.5,yes,"{""count_fp"":""14.50"",""created_time"":""2026-04-28T09:33:12.974061Z"",""no_price_dollars"":""0.8700"",""taker_side"":""yes"",""ticker"":""KXETH15M-26APR280545-45"",""trade_id"":""59d1f400-4998-74ea-b865-64a425b505eb"",""yes_price_dollars"":""0.1300""}"
KXETH15M-26APR280545-45,b5c9936f-e7c0-6066-0cf5-3a043cd7039d,1777368795,0.1,10.0,yes,"{""count_fp"":""10.00"",""created_time"":""2026-04-28T09:33:15.969468Z"",""no_price_dollars"":""0.9000"",""taker_side"":""yes"",""ticker"":""KXETH15M-26APR280545-45"",""trade_id"":""b5c9936f-e7c0-6066-0cf5-3a043cd7039d"",""yes_price_dollars"":""0.1000""}"
KXETH15M-26APR280545-45,3ea830fe-f6af-6c9f-34dd-5f9ad39bcf2f,1777368795,0.1,1.0,yes,"{""count_fp"":""1.00"",""created_time"":""2026-04-28T09:33:15.969468Z"",""no_price_dollars"":""0.9000"",""taker_side"":""yes"",""ticker"":""KXETH15M-26APR280545-45"",""trade_id"":""3ea830fe-f6af-6c9f-34dd-5f9ad39bcf2f"",""yes_price_dollars"":""0.1000""}"
KXETH15M-26APR280545-45,9056ebaf-6fb3-46b7-3238-a0e7c9140ade,1777368799,0.1,10.0,yes,"{""count_fp"":""10.00"",""created_time"":""2026-04-28T09:33:19.866221Z"",""no_price_dollars"":""0.9000"",""taker_side"":""yes"",""ticker"":""KXETH15M-26APR280545-45"",""trade_id"":""9056ebaf-6fb3-46b7-3238-a0e7c9140ade"",""yes_price_dollars"":""0.1000""}"
KXETH15M-26APR280545-45,20f9aa3f-e28b-495f-123e-ad0118ddda57,1777368799,0.11,11.75,yes,"{""count_fp"":""11.75"",""created_time"":""2026-04-28T09:33:19.866221Z"",""no_price_dollars"":""0.8900"",""taker_side"":""yes"",""ticker"":""KXETH15M-26APR280545-45"",""trade_id"":""20f9aa3f-e28b-495f-123e-ad0118ddda57"",""yes_price_dollars"":""0.1100""}"
KXETH15M-26APR280545-45,f14f3981-5d8f-52d8-271c-a11eb05f04ed,1777368801,0.09,4.0,no,"{""count_fp"":""4.00"",""created_time"":""2026-04-28T09:33:21.103468Z"",""no_price_dollars"":""0.9100"",""taker_side"":""no"",""ticker"":""KXETH15M-26APR280545-45"",""trade_id"":""f14f3981-5d8f-52d8-271c-a11eb05f04ed"",""yes_price_dollars"":""0.0900""}"
KXETH15M-26APR280545-45,f13d7929-52a7-5388-3604-2591cc79898a,1777368801,0.09,1.0,no,"{""count_fp"":""1.00"",""created_time"":""2026-04-28T09:33:21.103468Z"",""no_price_dollars"":""0.9100"",""taker_side"":""no"",""ticker"":""KXETH15M-26APR280545-45"",""trade_id"":""f13d7929-52a7-5388-3604-2591cc79898a"",""yes_price_dollars"":""0.0900""}"
KXETH15M-26APR280545-45,3f799cfa-1974-5222-050f-650f8c439254,1777368801,0.08,3.0,no,"{""count_fp"":""3.00"",""created_time"":""2026-04-28T09:33:21.103468Z"",""no_price_dollars"":""0.9200"",""taker_side"":""no"",""ticker"":""KXETH15M-26APR280545-45"",""trade_id"":""3f799cfa-1974-5222-050f-650f8c439254"",""yes_price_dollars"":""0.0800""}"
KXETH15M-26APR280545-45,3774e6a9-779d-517d-16b9-b0fe5e2dd615,1777368801,0.08,6.0,no,"{""count_fp"":""6.00"",""created_time"":""2026-04-28T09:33:21.103468Z"",""no_price_dollars"":""0.9200"",""taker_side"":""no"",""ticker"":""KXETH15M-26APR280545-45"",""trade_id"":""3774e6a9-779d-517d-16b9-b0fe5e2dd615"",""yes_price_dollars"":""0.0800""}"
KXETH15M-26APR280545-45,16294c08-ae30-57a6-0164-0454cf34ad8d,1777368801,0.09,3.0,no,"{""count_fp"":""3.00"",""created_time"":""2026-04-28T09:33:21.103468Z"",""no_price_dollars"":""0.9100"",""taker_side"":""no"",""ticker"":""KXETH15M-26APR280545-45"",""trade_id"":""16294c08-ae30-57a6-0164-0454cf34ad8d"",""yes_price_dollars"":""0.0900""}"
KXETH15M-26APR280545-45,09f5f007-e9b4-554d-3852-e0e75bfb9ea4,1777368801,0.08,1.0,no,"{""count_fp"":""1.00"",""created_time"":""2026-04-28T09:33:21.103468Z"",""no_price_dollars"":""0.9200"",""taker_side"":""no"",""ticker"":""KXETH15M-26APR280545-45"",""trade_id"":""09f5f007-e9b4-554d-3852-e0e75bfb9ea4"",""yes_price_dollars"":""0.0800""}"
KXETH15M-26APR280545-45,3176a026-798e-5af8-29c7-38df9b161dde,1777368803,0.09,1.0,yes,"{""count_fp"":""1.00"",""created_time"":""2026-04-28T09:33:23.333237Z"",""no_price_dollars"":""0.9100"",""taker_side"":""yes"",""ticker"":""KXETH15M-26APR280545-45"",""trade_id"":""3176a026-798e-5af8-29c7-38df9b161dde"",""yes_price_dollars"":""0.0900""}"
KXETH15M-26APR280545-45,5fe991f6-9d8c-6e9a-db80-c194e24c0f88,1777368807,0.07,1.0,no,"{""count_fp"":""1.00"",""created_time"":""2026-04-28T09:33:27.802974Z"",""no_price_dollars"":""0.9300"",""taker_side"":""no"",""ticker"":""KXETH15M-26APR280545-45"",""trade_id"":""5fe991f6-9d8c-6e9a-db80-c194e24c0f88"",""yes_price_dollars"":""0.0700""}"
KXETH15M-26APR280545-45,467e24f9-b3e4-66ef-f58e-15e2f6378b91,1777368807,0.07,1.0,no,"{""count_fp"":""1.00"",""created_time"":""2026-04-28T09:33:27.802974Z"",""no_price_dollars"":""0.9300"",""taker_side"":""no"",""ticker"":""KXETH15M-26APR280545-45"",""trade_id"":""467e24f9-b3e4-66ef-f58e-15e2f6378b91"",""yes_price_dollars"":""0.0700""}"
KXETH15M-26APR280545-45,3da628f2-d97f-6100-cb86-45fce79aae90,1777368807,0.07,6.69,no,"{""count_fp"":""6.69"",""created_time"":""2026-04-28T09:33:27.802974Z"",""no_price_dollars"":""0.9300"",""taker_side"":""no"",""ticker"":""KXETH15M-26APR280545-45"",""trade_id"":""3da628f2-d97f-6100-cb86-45fce79aae90"",""yes_price_dollars"":""0.0700""}"
KXETH15M-26APR280545-45,039208af-4c0c-7957-f90e-8dd203cc6644,1777368826,0.12,10.0,yes,"{""count_fp"":""10.00"",""created_time"":""2026-04-28T09:33:46.588842Z"",""no_price_dollars"":""0.8800"",""taker_side"":""yes"",""ticker"":""KXETH15M-26APR280545-45"",""trade_id"":""039208af-4c0c-7957-f90e-8dd203cc6644"",""yes_price_dollars"":""0.1200""}"
KXETH15M-26APR280545-45,bf115beb-5a66-55cc-48bd-537492ae005b,1777368828,0.12,27.0,no,"{""count_fp"":""27.00"",""created_time"":""2026-04-28T09:33:48.144984Z"",""no_price_dollars"":""0.8800"",""taker_side"":""no"",""ticker"":""KXETH15M-26APR280545-45"",""trade_id"":""bf115beb-5a66-55cc-48bd-537492ae005b"",""yes_price_dollars"":""0.1200""}"
KXETH15M-26APR280545-45,716dbfac-c742-4eb4-e332-a4e710e5e5fb,1777368829,0.12,27.0,no,"{""count_fp"":""27.00"",""created_time"":""2026-04-28T09:33:49.142528Z"",""no_price_dollars"":""0.8800"",""taker_side"":""no"",""ticker"":""KXETH15M-26APR280545-45"",""trade_id"":""716dbfac-c742-4eb4-e332-a4e710e5e5fb"",""yes_price_dollars"":""0.1200""}"
KXETH15M-26APR280545-45,35546e68-4c46-62b0-2884-c70aa7e9e723,1777368831,0.14,82.0,no,"{""count_fp"":""82.00"",""created_time"":""2026-04-28T09:33:51.112953Z"",""no_price_dollars"":""0.8600"",""taker_side"":""no"",""ticker"":""KXETH15M-26APR280545-45"",""trade_id"":""35546e68-4c46-62b0-2884-c70aa7e9e723"",""yes_price_dollars"":""0.1400""}"
KXETH15M-26APR280545-45,1c98a79d-daea-7520-0986-bebdb4dc0537,1777368832,0.14,40.0,no,"{""count_fp"":""40.00"",""created_time"":""2026-04-28T09:33:52.109439Z"",""no_price_dollars"":""0.8600"",""taker_side"":""no"",""ticker"":""KXETH15M-26APR280545-45"",""trade_id"":""1c98a79d-daea-7520-0986-bebdb4dc0537"",""yes_price_dollars"":""0.1400""}"
KXETH15M-26APR280545-45,56fa519d-5cda-506c-88b1-3ec85f03e123,1777368833,0.14,38.0,no,"{""count_fp"":""38.00"",""created_time"":""2026-04-28T09:33:53.135097Z"",""no_price_dollars"":""0.8600"",""taker_side"":""no"",""ticker"":""KXETH15M-26APR280545-45"",""trade_id"":""56fa519d-5cda-506c-88b1-3ec85f03e123"",""yes_price_dollars"":""0.1400""}"
KXETH15M-26APR280545-45,8c09ee1c-1e06-5fd8-f384-1ef7082be11f,1777368834,0.14,31.0,no,"{""count_fp"":""31.00"",""created_time"":""2026-04-28T09:33:54.119991Z"",""no_price_dollars"":""0.8600"",""taker_side"":""no"",""ticker"":""KXETH15M-26APR280545-45"",""trade_id"":""8c09ee1c-1e06-5fd8-f384-1ef7082be11f"",""yes_price_dollars"":""0.1400""}"
KXETH15M-26APR280545-45,cf74bf5f-9642-68bc-7fcd-a943b22a339f,1777368835,0.14,26.0,no,"{""count_fp"":""26.00"",""created_time"":""2026-04-28T09:33:55.105972Z"",""no_price_dollars"":""0.8600"",""taker_side"":""no"",""ticker"":""KXETH15M-26APR280545-45"",""trade_id"":""cf74bf5f-9642-68bc-7fcd-a943b22a339f"",""yes_price_dollars"":""0.1400""}"
KXETH15M-26APR280545-45,0f61ceb0-c8b6-6610-0852-93e7842d4def,1777368837,0.14,24.0,no,"{""count_fp"":""24.00"",""created_time"":""2026-04-28T09:33:57.104821Z"",""no_price_dollars"":""0.8600"",""taker_side"":""no"",""ticker"":""KXETH15M-26APR280545-45"",""trade_id"":""0f61ceb0-c8b6-6610-0852-93e7842d4def"",""yes_price_dollars"":""0.1400""}"
KXETH15M-26APR280545-45,76b01915-0385-5171-441a-f057772d4d5b,1777368838,0.15,20.0,yes,"{""count_fp"":""20.00"",""created_time"":""2026-04-28T09:33:58.124218Z"",""no_price_dollars"":""0.8500"",""taker_side"":""yes"",""ticker"":""KXETH15M-26APR280545-45"",""trade_id"":""76b01915-0385-5171-441a-f057772d4d5b"",""yes_price_dollars"":""0.1500""}"
KXETH15M-26APR280545-45,1adcf1a5-30e2-6418-33d9-62e071138847,1777368839,0.14,2.33,no,"{""count_fp"":""2.33"",""created_time"":""2026-04-28T09:33:59.976132Z"",""no_price_dollars"":""0.8600"",""taker_side"":""no"",""ticker"":""KXETH15M-26APR280545-45"",""trade_id"":""1adcf1a5-30e2-6418-33d9-62e071138847"",""yes_price_dollars"":""0.1400""}"
KXETH15M-26APR280545-45,30287357-8de2-6e20-1424-b3b6893fe093,1777368840,0.14,115.15,no,"{""count_fp"":""115.15"",""created_time"":""2026-04-28T09:34:00.269195Z"",""no_price_dollars"":""0.8600"",""taker_side"":""no"",""ticker"":""KXETH15M-26APR280545-45"",""trade_id"":""30287357-8de2-6e20-1424-b3b6893fe093"",""yes_price_dollars"":""0.1400""}"
KXETH15M-26APR280545-45,747ef1ac-d882-4de4-d3e9-38be98d2f22b,1777368841,0.16,48.0,no,"{""count_fp"":""48.00"",""created_time"":""2026-04-28T09:34:01.107881Z"",""no_price_dollars"":""0.8400"",""taker_side"":""no"",""ticker"":""KXETH15M-26APR280545-45"",""trade_id"":""747ef1ac-d882-4de4-d3e9-38be98d2f22b"",""yes_price_dollars"":""0.1600""}"
KXETH15M-26APR280545-45,5381c605-198e-51b8-3758-b7461a4a2a63,1777368841,0.16,54.0,no,"{""count_fp"":""54.00"",""created_time"":""2026-04-28T09:34:01.029909Z"",""no_price_dollars"":""0.8400"",""taker_side"":""no"",""ticker"":""KXETH15M-26APR280545-45"",""trade_id"":""5381c605-198e-51b8-3758-b7461a4a2a63"",""yes_price_dollars"":""0.1600""}"
KXETH15M-26APR280545-45,eaa4a791-bc9a-661c-b956-64442ab7a0a3,1777368842,0.16,36.89,no,"{""count_fp"":""36.89"",""created_time"":""2026-04-28T09:34:02.112177Z"",""no_price_dollars"":""0.8400"",""taker_side"":""no"",""ticker"":""KXETH15M-26APR280545-45"",""trade_id"":""eaa4a791-bc9a-661c-b956-64442ab7a0a3"",""yes_price_dollars"":""0.1600""}"
KXETH15M-26APR280545-45,b5d4295b-1ef5-639e-bfb0-f1027f4ce06b,1777368842,0.17,10.0,no,"{""count_fp"":""10.00"",""created_time"":""2026-04-28T09:34:02.112177Z"",""no_price_dollars"":""0.8300"",""taker_side"":""no"",""ticker"":""KXETH15M-26APR280545-45"",""trade_id"":""b5d4295b-1ef5-639e-bfb0-f1027f4ce06b"",""yes_price_dollars"":""0.1700""}"
KXETH15M-26APR280545-45,083c47fc-ddac-68c0-8fd6-2cb161936374,1777368842,0.17,7.11,no,"{""count_fp"":""7.11"",""created_time"":""2026-04-28T09:34:02.112177Z"",""no_price_dollars"":""0.8300"",""taker_side"":""no"",""ticker"":""KXETH15M-26APR280545-45"",""trade_id"":""083c47fc-ddac-68c0-8fd6-2cb161936374"",""yes_price_dollars"":""0.1700""}"
KXETH15M-26APR280545-45,76cbc053-c0be-5458-5b42-9f6dc7908cff,1777368846,0.16,23.89,no,"{""count_fp"":""23.89"",""created_time"":""2026-04-28T09:34:06.124096Z"",""no_price_dollars"":""0.8400"",""taker_side"":""no"",""ticker"":""KXETH15M-26APR280545-45"",""trade_id"":""76cbc053-c0be-5458-5b42-9f6dc7908cff"",""yes_price_dollars"":""0.1600""}"
KXETH15M-26APR280545-45,5a49c026-98ac-50bc-4b37-e48cfb253616,1777368846,0.17,10.0,no,"{""count_fp"":""10.00"",""created_time"":""2026-04-28T09:34:06.124096Z"",""no_price_dollars"":""0.8300"",""taker_side"":""no"",""ticker"":""KXETH15M-26APR280545-45"",""trade_id"":""5a49c026-98ac-50bc-4b37-e48cfb253616"",""yes_price_dollars"":""0.1700""}"
KXETH15M-26APR280545-45,401c7996-2f8c-5bab-5169-202c95eacdf7,1777368846,0.17,7.11,no,"{""count_fp"":""7.11"",""created_time"":""2026-04-28T09:34:06.124096Z"",""no_price_dollars"":""0.8300"",""taker_side"":""no"",""ticker"":""KXETH15M-26APR280545-45"",""trade_id"":""401c7996-2f8c-5bab-5169-202c95eacdf7"",""yes_price_dollars"":""0.1700""}"
KXETH15M-26APR280545-45,f2f29e17-a863-73ad-fc9b-158a27876b02,1777368850,0.14,10.0,no,"{""count_fp"":""10.00"",""created_time"":""2026-04-28T09:34:10.138863Z"",""no_price_dollars"":""0.8600"",""taker_side"":""no"",""ticker"":""KXETH15M-26APR280545-45"",""trade_id"":""f2f29e17-a863-73ad-fc9b-158a27876b02"",""yes_price_dollars"":""0.1400""}"
KXETH15M-26APR280545-45,0c5290c0-9268-748a-e9cf-f32c45eb5931,1777368850,0.11,30.0,no,"{""count_fp"":""30.00"",""created_time"":""2026-04-28T09:34:10.138863Z"",""no_price_dollars"":""0.8900"",""taker_side"":""no"",""ticker"":""KXETH15M-26APR280545-45"",""trade_id"":""0c5290c0-9268-748a-e9cf-f32c45eb5931"",""yes_price_dollars"":""0.1100""}"
KXETH15M-26APR280545-45,f8064e31-0e7f-5d6a-3f0c-dc076ddbf70c,1777368865,0.11,50.0,no,"{""count_fp"":""50.00"",""created_time"":""2026-04-28T09:34:25.983755Z"",""no_price_dollars"":""0.8900"",""taker_side"":""no"",""ticker"":""KXETH15M-26APR280545-45"",""trade_id"":""f8064e31-0e7f-5d6a-3f0c-dc076ddbf70c"",""yes_price_dollars"":""0.1100""}"
KXETH15M-26APR280545-45,04a5a954-e553-5bde-da68-0faacc2d2350,1777368865,0.11,2.0,no,"{""count_fp"":""2.00"",""created_time"":""2026-04-28T09:34:25.789544Z"",""no_price_dollars"":""0.8900"",""taker_side"":""no"",""ticker"":""KXETH15M-26APR280545-45"",""trade_id"":""04a5a954-e553-5bde-da68-0faacc2d2350"",""yes_price_dollars"":""0.1100""}"
KXETH15M-26APR280545-45,32280ff4-ea53-45ae-7dbb-09ae08ddca88,1777368871,0.11,8.0,no,"{""count_fp"":""8.00"",""created_time"":""2026-04-28T09:34:31.503418Z"",""no_price_dollars"":""0.8900"",""taker_side"":""no"",""ticker"":""KXETH15M-26APR280545-45"",""trade_id"":""32280ff4-ea53-45ae-7dbb-09ae08ddca88"",""yes_price_dollars"":""0.1100""}"
KXETH15M-26APR280545-45,e63ef113-d532-608f-757f-115eb00a5707,1777368881,0.11,60.0,yes,"{""count_fp"":""60.00"",""created_time"":""2026-04-28T09:34:41.893208Z"",""no_price_dollars"":""0.8900"",""taker_side"":""yes"",""ticker"":""KXETH15M-26APR280545-45"",""trade_id"":""e63ef113-d532-608f-757f-115eb00a5707"",""yes_price_dollars"":""0.1100""}"
KXETH15M-26APR280545-45,bd95668a-e921-6ff8-510a-3c097e83b956,1777368881,0.18,722.48,yes,"{""count_fp"":""722.48"",""created_time"":""2026-04-28T09:34:41.893208Z"",""no_price_dollars"":""0.8200"",""taker_side"":""yes"",""ticker"":""KXETH15M-26APR280545-45"",""trade_id"":""bd95668a-e921-6ff8-510a-3c097e83b956"",""yes_price_dollars"":""0.1800""}"
KXETH15M-26APR280545-45,bd2b5439-bcb8-6dfa-4b3d-cee0c8d63479,1777368881,0.12,550.0,yes,"{""count_fp"":""550.00"",""created_time"":""2026-04-28T09:34:41.893208Z"",""no_price_dollars"":""0.8800"",""taker_side"":""yes"",""ticker"":""KXETH15M-26APR280545-45"",""trade_id"":""bd2b5439-bcb8-6dfa-4b3d-cee0c8d63479"",""yes_price_dollars"":""0.1200""}"
KXETH15M-26APR280545-45,8e399f6c-1024-6d1c-4bac-aae5fc6b7ace,1777368881,0.097,10.0,yes,"{""count_fp"":""10.00"",""created_time"":""2026-04-28T09:34:41.893208Z"",""no_price_dollars"":""0.9030"",""taker_side"":""yes"",""ticker"":""KXETH15M-26APR280545-45"",""trade_id"":""8e399f6c-1024-6d1c-4bac-aae5fc6b7ace"",""yes_price_dollars"":""0.0970""}"
KXETH15M-26APR280545-45,4484f782-6e28-61f6-4b64-cc6f6ccf9a13,1777368881,0.098,100.0,yes,"{""count_fp"":""100.00"",""created_time"":""2026-04-28T09:34:41.893208Z"",""no_price_dollars"":""0.9020"",""taker_side"":""yes"",""ticker"":""KXETH15M-26APR280545-45"",""trade_id"":""4484f782-6e28-61f6-4b64-cc6f6ccf9a13"",""yes_price_dollars"":""0.0980""}"
KXETH15M-26APR280545-45,0fb5f192-6d6a-6e27-6b03-157373d3bd9d,1777368881,0.096,44.0,yes,"{""count_fp"":""44.00"",""created_time"":""2026-04-28T09:34:41.893208Z"",""no_price_dollars"":""0.9040"",""taker_side"":""yes"",""ticker"":""KXETH15M-26APR280545-45"",""trade_id"":""0fb5f192-6d6a-6e27-6b03-157373d3bd9d"",""yes_price_dollars"":""0.0960""}"
KXETH15M-26APR280545-45,969c6783-4b7a-771d-7dbc-c8e86a8068ff,1777368888,0.087,8.55,yes,"{""count_fp"":""8.55"",""created_time"":""2026-04-28T09:34:48.418019Z"",""no_price_dollars"":""0.9130"",""taker_side"":""yes"",""ticker"":""KXETH15M-26APR280545-45"",""trade_id"":""969c6783-4b7a-771d-7dbc-c8e86a8068ff"",""yes_price_dollars"":""0.0870""}"
KXETH15M-26APR280545-45,ffb38257-ad1b-4a10-ae1c-dead1265b384,1777368892,0.07,1.31,no,"{""count_fp"":""1.31"",""created_time"":""2026-04-28T09:34:52.182797Z"",""no_price_dollars"":""0.9300"",""taker_side"":""no"",""ticker"":""KXETH15M-26APR280545-45"",""trade_id"":""ffb38257-ad1b-4a10-ae1c-dead1265b384"",""yes_price_dollars"":""0.0700""}"
KXETH15M-26APR280545-45,e1fb567b-b477-49aa-91c7-b540ac39d8db,1777368892,0.07,17.28,no,"{""count_fp"":""17.28"",""created_time"":""2026-04-28T09:34:52.182797Z"",""no_price_dollars"":""0.9300"",""taker_side"":""no"",""ticker"":""KXETH15M-26APR280545-45"",""trade_id"":""e1fb567b-b477-49aa-91c7-b540ac39d8db"",""yes_price_dollars"":""0.0700""}"
KXETH15M-26APR280545-45,b27edfea-2807-4bbf-8dea-d8ab930550a3,1777368892,0.07,5.0,no,"{""count_fp"":""5.00"",""created_time"":""2026-04-28T09:34:52.182797Z"",""no_price_dollars"":""0.9300"",""taker_side"":""no"",""ticker"":""KXETH15M-26APR280545-45"",""trade_id"":""b27edfea-2807-4bbf-8dea-d8ab930550a3"",""yes_price_dollars"":""0.0700""}"
KXETH15M-26APR280545-45,ace56db5-d693-49b6-bf47-2da1c6ecdc15,1777368892,0.067,472.05,no,"{""count_fp"":""472.05"",""created_time"":""2026-04-28T09:34:52.182797Z"",""no_price_dollars"":""0.9330"",""taker_side"":""no"",""ticker"":""KXETH15M-26APR280545-45"",""trade_id"":""ace56db5-d693-49b6-bf47-2da1c6ecdc15"",""yes_price_dollars"":""0.0670""}"
KXETH15M-26APR280545-45,46ce6790-8763-4f2a-98d5-669891b8b5cc,1777368892,0.07,550.0,no,"{""count_fp"":""550.00"",""created_time"":""2026-04-28T09:34:52.182797Z"",""no_price_dollars"":""0.9300"",""taker_side"":""no"",""ticker"":""KXETH15M-26APR280545-45"",""trade_id"":""46ce6790-8763-4f2a-98d5-669891b8b5cc"",""yes_price_dollars"":""0.0700""}"
KXETH15M-26APR280545-45,178622dd-4e1b-409b-b395-c0835b6e8881,1777368892,0.07,3.0,no,"{""count_fp"":""3.00"",""created_time"":""2026-04-28T09:34:52.182797Z"",""no_price_dollars"":""0.9300"",""taker_side"":""no"",""ticker"":""KXETH15M-26APR280545-45"",""trade_id"":""178622dd-4e1b-409b-b395-c0835b6e8881"",""yes_price_dollars"":""0.0700""}"
KXETH15M-26APR280545-45,25c22404-bd3f-5970-4e1d-7811bb58c5ed,1777368900,0.08,10.0,yes,"{""count_fp"":""10.00"",""created_time"":""2026-04-28T09:35:00.500385Z"",""no_price_dollars"":""0.9200"",""taker_side"":""yes"",""ticker"":""KXETH15M-26APR280545-45"",""trade_id"":""25c22404-bd3f-5970-4e1d-7811bb58c5ed"",""yes_price_dollars"":""0.0800""}"
KXETH15M-26APR280545-45,224d073e-a8c6-653c-8cc0-d68b5161ea78,1777368901,0.06,6.0,yes,"{""count_fp"":""6.00"",""created_time"":""2026-04-28T09:35:01.828033Z"",""no_price_dollars"":""0.9400"",""taker_side"":""yes"",""ticker"":""KXETH15M-26APR280545-45"",""trade_id"":""224d073e-a8c6-653c-8cc0-d68b5161ea78"",""yes_price_dollars"":""0.0600""}"
KXETH15M-26APR280545-45,68d6403f-6443-61b0-f6a1-df498df79bca,1777368901,0.06,1.0,no,"{""count_fp"":""1.00"",""created_time"":""2026-04-28T09:35:01.728459Z"",""no_price_dollars"":""0.9400"",""taker_side"":""no"",""ticker"":""KXETH15M-26APR280545-45"",""trade_id"":""68d6403f-6443-61b0-f6a1-df498df79bca"",""yes_price_dollars"":""0.0600""}"
KXETH15M-26APR280545-45,1ddf3df7-489e-67d8-c62b-b711fe3f7174,1777368901,0.06,2.0,no,"{""count_fp"":""2.00"",""created_time"":""2026-04-28T09:35:01.728459Z"",""no_price_dollars"":""0.9400"",""taker_side"":""no"",""ticker"":""KXETH15M-26APR280545-45"",""trade_id"":""1ddf3df7-489e-67d8-c62b-b711fe3f7174"",""yes_price_dollars"":""0.0600""}"
KXETH15M-26APR280545-45,04ba7024-865d-659f-f223-1248d2593778,1777368901,0.06,1.0,no,"{""count_fp"":""1.00"",""created_time"":""2026-04-28T09:35:01.728459Z"",""no_price_dollars"":""0.9400"",""taker_side"":""no"",""ticker"":""KXETH15M-26APR280545-45"",""trade_id"":""04ba7024-865d-659f-f223-1248d2593778"",""yes_price_dollars"":""0.0600""}"
KXETH15M-26APR280545-45,414c4751-6ce4-58ec-b6f1-73ca3a3cacf8,1777368901,0.095,50.0,yes,"{""count_fp"":""50.00"",""created_time"":""2026-04-28T09:35:01.264391Z"",""no_price_dollars"":""0.9050"",""taker_side"":""yes"",""ticker"":""KXETH15M-26APR280545-45"",""trade_id"":""414c4751-6ce4-58ec-b6f1-73ca3a3cacf8"",""yes_price_dollars"":""0.0950""}"
KXETH15M-26APR280545-45,9fb2cbbc-8fdb-4c80-3c8b-a8671386557f,1777368901,0.06,1.0,no,"{""count_fp"":""1.00"",""created_time"":""2026-04-28T09:35:01.154545Z"",""no_price_dollars"":""0.9400"",""taker_side"":""no"",""ticker"":""KXETH15M-26APR280545-45"",""trade_id"":""9fb2cbbc-8fdb-4c80-3c8b-a8671386557f"",""yes_price_dollars"":""0.0600""}"
KXETH15M-26APR280545-45,47aea7d0-5150-4891-26e5-d7084404f4ed,1777368901,0.06,3.0,no,"{""count_fp"":""3.00"",""created_time"":""2026-04-28T09:35:01.154545Z"",""no_price_dollars"":""0.9400"",""taker_side"":""no"",""ticker"":""KXETH15M-26APR280545-45"",""trade_id"":""47aea7d0-5150-4891-26e5-d7084404f4ed"",""yes_price_dollars"":""0.0600""}"
KXETH15M-26APR280545-45,02c4dda4-e606-48bc-2fed-2273c9571dd4,1777368901,0.06,6.0,no,"{""count_fp"":""6.00"",""created_time"":""2026-04-28T09:35:01.154545Z"",""no_price_dollars"":""0.9400"",""taker_side"":""no"",""ticker"":""KXETH15M-26APR280545-45"",""trade_id"":""02c4dda4-e606-48bc-2fed-2273c9571dd4"",""yes_price_dollars"":""0.0600""}"
KXETH15M-26APR280545-45,a33c2633-a6d0-745c-50f2-b58b453802f3,1777368907,0.051,5.0,no,"{""count_fp"":""5.00"",""created_time"":""2026-04-28T09:35:07.373816Z"",""no_price_dollars"":""0.9490"",""taker_side"":""no"",""ticker"":""KXETH15M-26APR280545-45"",""trade_id"":""a33c2633-a6d0-745c-50f2-b58b453802f3"",""yes_price_dollars"":""0.0510""}"
KXETH15M-26APR280545-45,08e7803b-4406-7e05-6bf5-c8bce5eec6f4,1777368914,0.051,5.0,no,"{""count_fp"":""5.00"",""created_time"":""2026-04-28T09:35:14.417668Z"",""no_price_dollars"":""0.9490"",""taker_side"":""no"",""ticker"":""KXETH15M-26APR280545-45"",""trade_id"":""08e7803b-4406-7e05-6bf5-c8bce5eec6f4"",""yes_price_dollars"":""0.0510""}"
KXETH15M-26APR280545-45,b9e48ee7-a837-4f98-0f45-e339830af367,1777368915,0.076,34.0,yes,"{""count_fp"":""34.00"",""created_time"":""2026-04-28T09:35:15.259054Z"",""no_price_dollars"":""0.9240"",""taker_side"":""yes"",""ticker"":""KXETH15M-26APR280545-45"",""trade_id"":""b9e48ee7-a837-4f98-0f45-e339830af367"",""yes_price_dollars"":""0.0760""}"
KXETH15M-26APR280545-45,e9b42fd3-3077-4094-32db-5a6816311a1b,1777368916,0.077,17.0,yes,"{""count_fp"":""17.00"",""created_time"":""2026-04-28T09:35:16.160506Z"",""no_price_dollars"":""0.9230"",""taker_side"":""yes"",""ticker"":""KXETH15M-26APR280545-45"",""trade_id"":""e9b42fd3-3077-4094-32db-5a6816311a1b"",""yes_price_dollars"":""0.0770""}"
KXETH15M-26APR280545-45,635a516c-d666-498e-2794-8d99aeb60cb9,1777368916,0.076,10.0,yes,"{""count_fp"":""10.00"",""created_time"":""2026-04-28T09:35:16.160506Z"",""no_price_dollars"":""0.9240"",""taker_side"":""yes"",""ticker"":""KXETH15M-26APR280545-45"",""trade_id"":""635a516c-d666-498e-2794-8d99aeb60cb9"",""yes_price_dollars"":""0.0760""}"
KXETH15M-26APR280545-45,78289f0c-227c-606f-035d-30fe8c1b6f32,1777368918,0.04,2.0,no,"{""count_fp"":""2.00"",""created_time"":""2026-04-28T09:35:18.251278Z"",""no_price_dollars"":""0.9600"",""taker_side"":""no"",""ticker"":""KXETH15M-26APR280545-45"",""trade_id"":""78289f0c-227c-606f-035d-30fe8c1b6f32"",""yes_price_dollars"":""0.0400""}"
KXETH15M-26APR280545-45,445f5872-70c6-71d1-934c-2711c2368599,1777368918,0.058,48.0,yes,"{""count_fp"":""48.00"",""created_time"":""2026-04-28T09:35:18.158276Z"",""no_price_dollars"":""0.9420"",""taker_side"":""yes"",""ticker"":""KXETH15M-26APR280545-45"",""trade_id"":""445f5872-70c6-71d1-934c-2711c2368599"",""yes_price_dollars"":""0.0580""}"
KXETH15M-26APR280545-45,efcc401c-75d4-49b8-3437-a46668076519,1777368918,0.04,10.0,no,"{""count_fp"":""10.00"",""created_time"":""2026-04-28T09:35:18.144349Z"",""no_price_dollars"":""0.9600"",""taker_side"":""no"",""ticker"":""KXETH15M-26APR280545-45"",""trade_id"":""efcc401c-75d4-49b8-3437-a46668076519"",""yes_price_dollars"":""0.0400""}"
KXETH15M-26APR280545-45,c0db7448-d37c-4e33-2d12-e9814df7ebce,1777368918,0.04,72.15,no,"{""count_fp"":""72.15"",""created_time"":""2026-04-28T09:35:18.144349Z"",""no_price_dollars"":""0.9600"",""taker_side"":""no"",""ticker"":""KXETH15M-26APR280545-45"",""trade_id"":""c0db7448-d37c-4e33-2d12-e9814df7ebce"",""yes_price_dollars"":""0.0400""}"
KXETH15M-26APR280545-45,89d26a31-82e7-4d00-3e4f-68d9f85aaeb5,1777368918,0.05,10.0,no,"{""count_fp"":""10.00"",""created_time"":""2026-04-28T09:35:18.144349Z"",""no_price_dollars"":""0.9500"",""taker_side"":""no"",""ticker"":""KXETH15M-26APR280545-45"",""trade_id"":""89d26a31-82e7-4d00-3e4f-68d9f85aaeb5"",""yes_price_dollars"":""0.0500""}"
KXETH15M-26APR280545-45,809bbcfb-ae30-4cfa-1812-b867ebb659d7,1777368918,0.04,1.0,no,"{""count_fp"":""1.00"",""created_time"":""2026-04-28T09:35:18.144349Z"",""no_price_dollars"":""0.9600"",""taker_side"":""no"",""ticker"":""KXETH15M-26APR280545-45"",""trade_id"":""809bbcfb-ae30-4cfa-1812-b867ebb659d7"",""yes_price_dollars"":""0.0400""}"
KXETH15M-26APR280545-45,7f8d4714-4866-44fb-028a-f6f3f1e878c5,1777368918,0.05,1.0,no,"{""count_fp"":""1.00"",""created_time"":""2026-04-28T09:35:18.144349Z"",""no_price_dollars"":""0.9500"",""taker_side"":""no"",""ticker"":""KXETH15M-26APR280545-45"",""trade_id"":""7f8d4714-4866-44fb-028a-f6f3f1e878c5"",""yes_price_dollars"":""0.0500""}"
KXETH15M-26APR280545-45,69f5ce22-c011-43fe-2636-fae4358be14a,1777368918,0.04,1.0,no,"{""count_fp"":""1.00"",""created_time"":""2026-04-28T09:35:18.144349Z"",""no_price_dollars"":""0.9600"",""taker_side"":""no"",""ticker"":""KXETH15M-26APR280545-45"",""trade_id"":""69f5ce22-c011-43fe-2636-fae4358be14a"",""yes_price_dollars"":""0.0400""}"
KXETH15M-26APR280545-45,4fcef784-d938-4efc-3b91-b2cc9364051a,1777368918,0.041,5.85,no,"{""count_fp"":""5.85"",""created_time"":""2026-04-28T09:35:18.144349Z"",""no_price_dollars"":""0.9590"",""taker_side"":""no"",""ticker"":""KXETH15M-26APR280545-45"",""trade_id"":""4fcef784-d938-4efc-3b91-b2cc9364051a"",""yes_price_dollars"":""0.0410""}"
KXETH15M-26APR280545-45,3f4e87af-ea35-4432-1494-2df4ce88e3c0,1777368918,0.05,3.0,no,"{""count_fp"":""3.00"",""created_time"":""2026-04-28T09:35:18.144349Z"",""no_price_dollars"":""0.9500"",""taker_side"":""no"",""ticker"":""KXETH15M-26APR280545-45"",""trade_id"":""3f4e87af-ea35-4432-1494-2df4ce88e3c0"",""yes_price_dollars"":""0.0500""}"
KXETH15M-26APR280545-45,418bf346-944d-7831-9a87-93897184f200,1777368919,0.05,20.0,yes,"{""count_fp"":""20.00"",""created_time"":""2026-04-28T09:35:19.118258Z"",""no_price_dollars"":""0.9500"",""taker_side"":""yes"",""ticker"":""KXETH15M-26APR280545-45"",""trade_id"":""418bf346-944d-7831-9a87-93897184f200"",""yes_price_dollars"":""0.0500""}"
KXETH15M-26APR280545-45,d39602d2-4192-505b-921b-229e4e7eacd7,1777368920,0.03,1.0,no,"{""count_fp"":""1.00"",""created_time"":""2026-04-28T09:35:20.139467Z"",""no_price_dollars"":""0.9700"",""taker_side"":""no"",""ticker"":""KXETH15M-26APR280545-45"",""trade_id"":""d39602d2-4192-505b-921b-229e4e7eacd7"",""yes_price_dollars"":""0.0300""}"
KXETH15M-26APR280545-45,c1642f22-3342-5ce8-914f-a07d04fe617a,1777368920,0.03,15.0,no,"{""count_fp"":""15.00"",""created_time"":""2026-04-28T09:35:20.139467Z"",""no_price_dollars"":""0.9700"",""taker_side"":""no"",""ticker"":""KXETH15M-26APR280545-45"",""trade_id"":""c1642f22-3342-5ce8-914f-a07d04fe617a"",""yes_price_dollars"":""0.0300""}"
KXETH15M-26APR280545-45,c0d55655-b7da-5e23-b02c-aa553e76c4e4,1777368920,0.03,3.0,no,"{""count_fp"":""3.00"",""created_time"":""2026-04-28T09:35:20.139467Z"",""no_price_dollars"":""0.9700"",""taker_side"":""no"",""ticker"":""KXETH15M-26APR280545-45"",""trade_id"":""c0d55655-b7da-5e23-b02c-aa553e76c4e4"",""yes_price_dollars"":""0.0300""}"
KXETH15M-26APR280545-45,b57bbc99-dbd9-5670-bc80-90dccd0d8a20,1777368920,0.031,10.0,no,"{""count_fp"":""10.00"",""created_time"":""2026-04-28T09:35:20.139467Z"",""no_price_dollars"":""0.9690"",""taker_side"":""no"",""ticker"":""KXETH15M-26APR280545-45"",""trade_id"":""b57bbc99-dbd9-5670-bc80-90dccd0d8a20"",""yes_price_dollars"":""0.0310""}"
KXETH15M-26APR280545-45,a2e65edb-56f5-52dd-8dd5-1f35064c1a3d,1777368920,0.033,1.0,no,"{""count_fp"":""1.00"",""created_time"":""2026-04-28T09:35:20.139467Z"",""no_price_dollars"":""0.9670"",""taker_side"":""no"",""ticker"":""KXETH15M-26APR280545-45"",""trade_id"":""a2e65edb-56f5-52dd-8dd5-1f35064c1a3d"",""yes_price_dollars"":""0.0330""}"
KXETH15M-26APR280545-45,93ff1a33-7c62-5b4e-9229-7625af2b3a9c,1777368920,0.03,1.0,no,"{""count_fp"":""1.00"",""created_time"":""2026-04-28T09:35:20.139467Z"",""no_price_dollars"":""0.9700"",""taker_side"":""no"",""ticker"":""KXETH15M-26APR280545-45"",""trade_id"":""93ff1a33-7c62-5b4e-9229-7625af2b3a9c"",""yes_price_dollars"":""0.0300""}"
KXETH15M-26APR280545-45,8c7caca2-6dd9-5b70-a393-c7f7f8be6f0d,1777368920,0.03,17.0,no,"{""count_fp"":""17.00"",""created_time"":""2026-04-28T09:35:20.139467Z"",""no_price_dollars"":""0.9700"",""taker_side"":""no"",""ticker"":""KXETH15M-26APR280545-45"",""trade_id"":""8c7caca2-6dd9-5b70-a393-c7f7f8be6f0d"",""yes_price_dollars"":""0.0300""}"
KXETH15M-26APR280545-45,77bfb1d0-e809-555d-8fc7-e45e0a0b3d29,1777368920,0.032,7.5,no,"{""count_fp"":""7.50"",""created_time"":""2026-04-28T09:35:20.139467Z"",""no_price_dollars"":""0.9680"",""taker_side"":""no"",""ticker"":""KXETH15M-26APR280545-45"",""trade_id"":""77bfb1d0-e809-555d-8fc7-e45e0a0b3d29"",""yes_price_dollars"":""0.0320""}"
KXETH15M-26APR280545-45,66b3695c-fc19-5f23-9ef0-a6c78e9a1eef,1777368920,0.03,1.0,no,"{""count_fp"":""1.00"",""created_time"":""2026-04-28T09:35:20.139467Z"",""no_price_dollars"":""0.9700"",""taker_side"":""no"",""ticker"":""KXETH15M-26APR280545-45"",""trade_id"":""66b3695c-fc19-5f23-9ef0-a6c78e9a1eef"",""yes_price_dollars"":""0.0300""}"
KXETH15M-26APR280545-45,49b03581-9c6e-50b9-9b7e-b2b14f131138,1777368920,0.03,0.5,no,"{""count_fp"":""0.50"",""created_time"":""2026-04-28T09:35:20.139467Z"",""no_price_dollars"":""0.9700"",""taker_side"":""no"",""ticker"":""KXETH15M-26APR280545-45"",""trade_id"":""49b03581-9c6e-50b9-9b7e-b2b14f131138"",""yes_price_dollars"":""0.0300""}"
KXETH15M-26APR280545-45,31cc9001-509f-4ba4-12b4-79299dc8a1b2,1777368921,0.055,10.0,yes,"{""count_fp"":""10.00"",""created_time"":""2026-04-28T09:35:21.104259Z"",""no_price_dollars"":""0.9450"",""taker_side"":""yes"",""ticker"":""KXETH15M-26APR280545-45"",""trade_id"":""31cc9001-509f-4ba4-12b4-79299dc8a1b2"",""yes_price_dollars"":""0.0550""}"
KXETH15M-26APR280545-45,05dce04a-e8e7-4523-0254-92f5a8e5179e,1777368921,0.055,10.0,yes,"{""count_fp"":""10.00"",""created_time"":""2026-04-28T09:35:21.104259Z"",""no_price_dollars"":""0.9450"",""taker_side"":""yes"",""ticker"":""KXETH15M-26APR280545-45"",""trade_id"":""05dce04a-e8e7-4523-0254-92f5a8e5179e"",""yes_price_dollars"":""0.0550""}"
KXETH15M-26APR280545-45,5c06d4ba-b078-4573-530c-e3813f86cd8e,1777368922,0.03,56.0,no,"{""count_fp"":""56.00"",""created_time"":""2026-04-28T09:35:22.115883Z"",""no_price_dollars"":""0.9700"",""taker_side"":""no"",""ticker"":""KXETH15M-26APR280545-45"",""trade_id"":""5c06d4ba-b078-4573-530c-e3813f86cd8e"",""yes_price_dollars"":""0.0300""}"
KXETH15M-26APR280545-45,8fe2cf27-98fa-5f4d-bdd7-ab86326f1fa5,1777368925,0.048,32.0,yes,"{""count_fp"":""32.00"",""created_time"":""2026-04-28T09:35:25.172296Z"",""no_price_dollars"":""0.9520"",""taker_side"":""yes"",""ticker"":""KXETH15M-26APR280545-45"",""trade_id"":""8fe2cf27-98fa-5f4d-bdd7-ab86326f1fa5"",""yes_price_dollars"":""0.0480""}"
KXETH15M-26APR280545-45,3bd82592-7aa0-6d56-ce44-583417b66173,1777368926,0.03,62.0,no,"{""count_fp"":""62.00"",""created_time"":""2026-04-28T09:35:26.121784Z"",""no_price_dollars"":""0.9700"",""taker_side"":""no"",""ticker"":""KXETH15M-26APR280545-45"",""trade_id"":""3bd82592-7aa0-6d56-ce44-583417b66173"",""yes_price_dollars"":""0.0300""}"
KXETH15M-26APR280545-45,6960cf79-9a1e-6e35-8ee3-d11de1dcdfff,1777368927,0.046,13.35,yes,"{""count_fp"":""13.35"",""created_time"":""2026-04-28T09:35:27.873271Z"",""no_price_dollars"":""0.9540"",""taker_side"":""yes"",""ticker"":""KXETH15M-26APR280545-45"",""trade_id"":""6960cf79-9a1e-6e35-8ee3-d11de1dcdfff"",""yes_price_dollars"":""0.0460""}"
KXETH15M-26APR280545-45,f7352ba0-e4d4-6d7a-a5ef-10a782afbdef,1777368928,0.03,65.0,no,"{""count_fp"":""65.00"",""created_time"":""2026-04-28T09:35:28.181919Z"",""no_price_dollars"":""0.9700"",""taker_side"":""no"",""ticker"":""KXETH15M-26APR280545-45"",""trade_id"":""f7352ba0-e4d4-6d7a-a5ef-10a782afbdef"",""yes_price_dollars"":""0.0300""}"
KXETH15M-26APR280545-45,590cbf45-54ce-64c9-4fe6-fcb6433c1c57,1777368928,0.046,23.0,yes,"{""count_fp"":""23.00"",""created_time"":""2026-04-28T09:35:28.132215Z"",""no_price_dollars"":""0.9540"",""taker_side"":""yes"",""ticker"":""KXETH15M-26APR280545-45"",""trade_id"":""590cbf45-54ce-64c9-4fe6-fcb6433c1c57"",""yes_price_dollars"":""0.0460""}"
KXETH15M-26APR280545-45,5ae93815-2474-7b3e-acd4-6f47fa5c24da,1777368938,0.043,21.57,yes,"{""count_fp"":""21.57"",""created_time"":""2026-04-28T09:35:38.370867Z"",""no_price_dollars"":""0.9570"",""taker_side"":""yes"",""ticker"":""KXETH15M-26APR280545-45"",""trade_id"":""5ae93815-2474-7b3e-acd4-6f47fa5c24da"",""yes_price_dollars"":""0.0430""}"
KXETH15M-26APR280545-45,ae57babb-feb4-741e-f6c4-427230ce33c4,1777368942,0.046,16.0,no,"{""count_fp"":""16.00"",""created_time"":""2026-04-28T09:35:42.541145Z"",""no_price_dollars"":""0.9540"",""taker_side"":""no"",""ticker"":""KXETH15M-26APR280545-45"",""trade_id"":""ae57babb-feb4-741e-f6c4-427230ce33c4"",""yes_price_dollars"":""0.0460""}"
KXETH15M-26APR280545-45,ff7de8c7-1640-6cce-b24d-97cd5e62127b,1777368942,0.046,10.0,yes,"{""count_fp"":""10.00"",""created_time"":""2026-04-28T09:35:42.174419Z"",""no_price_dollars"":""0.9540"",""taker_side"":""yes"",""ticker"":""KXETH15M-26APR280545-45"",""trade_id"":""ff7de8c7-1640-6cce-b24d-97cd5e62127b"",""yes_price_dollars"":""0.0460""}"
KXETH15M-26APR280545-45,d2c6cc9b-9bcd-76e5-e6c5-e2f3ecbd369c,1777368950,0.047,10.0,yes,"{""count_fp"":""10.00"",""created_time"":""2026-04-28T09:35:50.291756Z"",""no_price_dollars"":""0.9530"",""taker_side"":""yes"",""ticker"":""KXETH15M-26APR280545-45"",""trade_id"":""d2c6cc9b-9bcd-76e5-e6c5-e2f3ecbd369c"",""yes_price_dollars"":""0.0470""}"
KXETH15M-26APR280545-45,b90b79cf-149e-7105-d701-343c8ea784f3,1777368950,0.043,177.86,yes,"{""count_fp"":""177.86"",""created_time"":""2026-04-28T09:35:50.291756Z"",""no_price_dollars"":""0.9570"",""taker_side"":""yes"",""ticker"":""KXETH15M-26APR280545-45"",""trade_id"":""b90b79cf-149e-7105-d701-343c8ea784f3"",""yes_price_dollars"":""0.0430""}"
KXETH15M-26APR280545-45,988945e9-e12e-78c9-e46a-55200e20b441,1777368950,0.048,23.61,yes,"{""count_fp"":""23.61"",""created_time"":""2026-04-28T09:35:50.291756Z"",""no_price_dollars"":""0.9520"",""taker_side"":""yes"",""ticker"":""KXETH15M-26APR280545-45"",""trade_id"":""988945e9-e12e-78c9-e46a-55200e20b441"",""yes_price_dollars"":""0.0480""}"
KXETH15M-26APR280545-45,02cd655e-af3e-5e55-faa1-f45f71761f29,1777368952,0.024,6.0,no,"{""count_fp"":""6.00"",""created_time"":""2026-04-28T09:35:52.151382Z"",""no_price_dollars"":""0.9760"",""taker_side"":""no"",""ticker"":""KXETH15M-26APR280545-45"",""trade_id"":""02cd655e-af3e-5e55-faa1-f45f71761f29"",""yes_price_dollars"":""0.0240""}"
KXETH15M-26APR280545-45,aaffc8a8-f1b7-6a29-ea8f-ed4d04660a49,1777368952,0.023,10.0,no,"{""count_fp"":""10.00"",""created_time"":""2026-04-28T09:35:52.096994Z"",""no_price_dollars"":""0.9770"",""taker_side"":""no"",""ticker"":""KXETH15M-26APR280545-45"",""trade_id"":""aaffc8a8-f1b7-6a29-ea8f-ed4d04660a49"",""yes_price_dollars"":""0.0230""}"
KXETH15M-26APR280545-45,344e1e13-6d30-61b3-c5d1-6e735779e8df,1777368952,0.024,10.0,no,"{""count_fp"":""10.00"",""created_time"":""2026-04-28T09:35:52.096994Z"",""no_price_dollars"":""0.9760"",""taker_side"":""no"",""ticker"":""KXETH15M-26APR280545-45"",""trade_id"":""344e1e13-6d30-61b3-c5d1-6e735779e8df"",""yes_price_dollars"":""0.0240""}"
KXETH15M-26APR280545-45,17772504-3d6c-68ea-cc77-18edb7f9232d,1777368952,0.022,38.0,no,"{""count_fp"":""38.00"",""created_time"":""2026-04-28T09:35:52.096994Z"",""no_price_dollars"":""0.9780"",""taker_side"":""no"",""ticker"":""KXETH15M-26APR280545-45"",""trade_id"":""17772504-3d6c-68ea-cc77-18edb7f9232d"",""yes_price_dollars"":""0.0220""}"
KXETH15M-26APR280545-45,2d097bdf-19b1-7af9-2b87-6af21b570eec,1777368960,0.023,20.0,no,"{""count_fp"":""20.00"",""created_time"":""2026-04-28T09:36:00.184447Z"",""no_price_dollars"":""0.9770"",""taker_side"":""no"",""ticker"":""KXETH15M-26APR280545-45"",""trade_id"":""2d097bdf-19b1-7af9-2b87-6af21b570eec"",""yes_price_dollars"":""0.0230""}"
KXETH15M-26APR280545-45,d09d8489-5d88-4ff5-b490-464f9bf32312,1777368960,0.022,10.0,no,"{""count_fp"":""10.00"",""created_time"":""2026-04-28T09:36:00.124212Z"",""no_price_dollars"":""0.9780"",""taker_side"":""no"",""ticker"":""KXETH15M-26APR280545-45"",""trade_id"":""d09d8489-5d88-4ff5-b490-464f9bf32312"",""yes_price_dollars"":""0.0220""}"
KXETH15M-26APR280545-45,925e2a3d-3e1b-47b4-9273-b0cd83fd4064,1777368960,0.021,69.0,no,"{""count_fp"":""69.00"",""created_time"":""2026-04-28T09:36:00.124212Z"",""no_price_dollars"":""0.9790"",""taker_side"":""no"",""ticker"":""KXETH15M-26APR280545-45"",""trade_id"":""925e2a3d-3e1b-47b4-9273-b0cd83fd4064"",""yes_price_dollars"":""0.0210""}"
KXETH15M-26APR280545-45,491e0106-b92c-4992-b96a-542ec2464875,1777368960,0.022,62.0,no,"{""count_fp"":""62.00"",""created_time"":""2026-04-28T09:36:00.124212Z"",""no_price_dollars"":""0.9780"",""taker_side"":""no"",""ticker"":""KXETH15M-26APR280545-45"",""trade_id"":""491e0106-b92c-4992-b96a-542ec2464875"",""yes_price_dollars"":""0.0220""}"
KXETH15M-26APR280545-45,ef7cbc6b-3892-63c9-e1ed-16bf4f350812,1777368961,0.02,25.0,no,"{""count_fp"":""25.00"",""created_time"":""2026-04-28T09:36:01.110432Z"",""no_price_dollars"":""0.9800"",""taker_side"":""no"",""ticker"":""KXETH15M-26APR280545-45"",""trade_id"":""ef7cbc6b-3892-63c9-e1ed-16bf4f350812"",""yes_price_dollars"":""0.0200""}"
KXETH15M-26APR280545-45,dfea152b-d167-6dc8-c93e-2453170799f4,1777368961,0.021,34.0,no,"{""count_fp"":""34.00"",""created_time"":""2026-04-28T09:36:01.110432Z"",""no_price_dollars"":""0.9790"",""taker_side"":""no"",""ticker"":""KXETH15M-26APR280545-45"",""trade_id"":""dfea152b-d167-6dc8-c93e-2453170799f4"",""yes_price_dollars"":""0.0210""}"
KXETH15M-26APR280545-45,ccdc93be-f8b3-65ff-e69d-9e2922998c37,1777368961,0.02,1.0,no,"{""count_fp"":""1.00"",""created_time"":""2026-04-28T09:36:01.110432Z"",""no_price_dollars"":""0.9800"",""taker_side"":""no"",""ticker"":""KXETH15M-26APR280545-45"",""trade_id"":""ccdc93be-f8b3-65ff-e69d-9e2922998c37"",""yes_price_dollars"":""0.0200""}"
KXETH15M-26APR280545-45,692da5c1-aac0-687b-e737-78790429fcc3,1777368961,0.021,1.0,no,"{""count_fp"":""1.00"",""created_time"":""2026-04-28T09:36:01.110432Z"",""no_price_dollars"":""0.9790"",""taker_side"":""no"",""ticker"":""KXETH15M-26APR280545-45"",""trade_id"":""692da5c1-aac0-687b-e737-78790429fcc3"",""yes_price_dollars"":""0.0210""}"
KXETH15M-26APR280545-45,5398e2ff-14eb-6480-d927-c8ebb2f4cb18,1777368961,0.02,10.0,no,"{""count_fp"":""10.00"",""created_time"":""2026-04-28T09:36:01.110432Z"",""no_price_dollars"":""0.9800"",""taker_side"":""no"",""ticker"":""KXETH15M-26APR280545-45"",""trade_id"":""5398e2ff-14eb-6480-d927-c8ebb2f4cb18"",""yes_price_dollars"":""0.0200""}"
KXETH15M-26APR280545-45,2fbabd2e-61db-6766-f37e-b4b3c73dc26a,1777368961,0.02,1.0,no,"{""count_fp"":""1.00"",""created_time"":""2026-04-28T09:36:01.110432Z"",""no_price_dollars"":""0.9800"",""taker_side"":""no"",""ticker"":""KXETH15M-26APR280545-45"",""trade_id"":""2fbabd2e-61db-6766-f37e-b4b3c73dc26a"",""yes_price_dollars"":""0.0200""}"
KXETH15M-26APR280545-45,0a0d663a-fc78-6176-cdf8-e62c27f0dce3,1777368961,0.02,28.0,no,"{""count_fp"":""28.00"",""created_time"":""2026-04-28T09:36:01.110432Z"",""no_price_dollars"":""0.9800"",""taker_side"":""no"",""ticker"":""KXETH15M-26APR280545-45"",""trade_id"":""0a0d663a-fc78-6176-cdf8-e62c27f0dce3"",""yes_price_dollars"":""0.0200""}"
KXETH15M-26APR280545-45,6435367d-4efc-609a-17ae-f1934f59cb9f,1777368962,0.04,8.17,yes,"{""count_fp"":""8.17"",""created_time"":""2026-04-28T09:36:02.688061Z"",""no_price_dollars"":""0.9600"",""taker_side"":""yes"",""ticker"":""KXETH15M-26APR280545-45"",""trade_id"":""6435367d-4efc-609a-17ae-f1934f59cb9f"",""yes_price_dollars"":""0.0400""}"
KXETH15M-26APR280545-45,16233d5b-1bd5-6523-0c0a-6fc6a884de1e,1777368962,0.04,12.0,yes,"{""count_fp"":""12.00"",""created_time"":""2026-04-28T09:36:02.688061Z"",""no_price_dollars"":""0.9600"",""taker_side"":""yes"",""ticker"":""KXETH15M-26APR280545-45"",""trade_id"":""16233d5b-1bd5-6523-0c0a-6fc6a884de1e"",""yes_price_dollars"":""0.0400""}"
KXETH15M-26APR280545-45,c21588b1-62a8-6192-c75b-f5049d9e1973,1777368962,0.02,76.0,no,"{""count_fp"":""76.00"",""created_time"":""2026-04-28T09:36:02.091605Z"",""no_price_dollars"":""0.9800"",""taker_side"":""no"",""ticker"":""KXETH15M-26APR280545-45"",""trade_id"":""c21588b1-62a8-6192-c75b-f5049d9e1973"",""yes_price_dollars"":""0.0200""}"
KXETH15M-26APR280545-45,0d76636e-da53-4fa6-1935-ebb3ee07089c,1777368982,0.043,12.86,yes,"{""count_fp"":""12.86"",""created_time"":""2026-04-28T09:36:22.878199Z"",""no_price_dollars"":""0.9570"",""taker_side"":""yes"",""ticker"":""KXETH15M-26APR280545-45"",""trade_id"":""0d76636e-da53-4fa6-1935-ebb3ee07089c"",""yes_price_dollars"":""0.0430""}"
KXETH15M-26APR280545-45,f16d5278-3b9d-5828-bc01-bb02a4ffffb2,1777368989,0.023,10.0,no,"{""count_fp"":""10.00"",""created_time"":""2026-04-28T09:36:29.120299Z"",""no_price_dollars"":""0.9770"",""taker_side"":""no"",""ticker"":""KXETH15M-26APR280545-45"",""trade_id"":""f16d5278-3b9d-5828-bc01-bb02a4ffffb2"",""yes_price_dollars"":""0.0230""}"
KXETH15M-26APR280545-45,c5411175-9598-5102-a0a3-7559a739bfb7,1777368989,0.02,44.57,no,"{""count_fp"":""44.57"",""created_time"":""2026-04-28T09:36:29.120299Z"",""no_price_dollars"":""0.9800"",""taker_side"":""no"",""ticker"":""KXETH15M-26APR280545-45"",""trade_id"":""c5411175-9598-5102-a0a3-7559a739bfb7"",""yes_price_dollars"":""0.0200""}"
KXETH15M-26APR280545-45,41293945-876a-5cbb-98cd-bfa8f1a6fdb2,1777368989,0.022,10.0,no,"{""count_fp"":""10.00"",""created_time"":""2026-04-28T09:36:29.120299Z"",""no_price_dollars"":""0.9780"",""taker_side"":""no"",""ticker"":""KXETH15M-26APR280545-45"",""trade_id"":""41293945-876a-5cbb-98cd-bfa8f1a6fdb2"",""yes_price_dollars"":""0.0220""}"
KXETH15M-26APR280545-45,00e1fdbb-0ea2-53e8-b947-886525fc7b52,1777368989,0.023,10.43,no,"{""count_fp"":""10.43"",""created_time"":""2026-04-28T09:36:29.120299Z"",""no_price_dollars"":""0.9770"",""taker_side"":""no"",""ticker"":""KXETH15M-26APR280545-45"",""trade_id"":""00e1fdbb-0ea2-53e8-b947-886525fc7b52"",""yes_price_dollars"":""0.0230""}"
KXETH15M-26APR280545-45,dd6b50ae-c728-607b-3cdb-4e510a92c6e2,1777369020,0.059,1.36,yes,"{""count_fp"":""1.36"",""created_time"":""2026-04-28T09:37:00.209867Z"",""no_price_dollars"":""0.9410"",""taker_side"":""yes"",""ticker"":""KXETH15M-26APR280545-45"",""trade_id"":""dd6b50ae-c728-607b-3cdb-4e510a92c6e2"",""yes_price_dollars"":""0.0590""}"
KXETH15M-26APR280545-45,c1d7059b-e060-52e2-8eb2-05f152aff64b,1777369020,0.03,110.0,no,"{""count_fp"":""110.00"",""created_time"":""2026-04-28T09:37:00.116247Z"",""no_price_dollars"":""0.9700"",""taker_side"":""no"",""ticker"":""KXETH15M-26APR280545-45"",""trade_id"":""c1d7059b-e060-52e2-8eb2-05f152aff64b"",""yes_price_dollars"":""0.0300""}"
KXETH15M-26APR280545-45,a2a98db8-0cf2-52be-bbf5-7b06e6e47727,1777369020,0.031,10.0,no,"{""count_fp"":""10.00"",""created_time"":""2026-04-28T09:37:00.116247Z"",""no_price_dollars"":""0.9690"",""taker_side"":""no"",""ticker"":""KXETH15M-26APR280545-45"",""trade_id"":""a2a98db8-0cf2-52be-bbf5-7b06e6e47727"",""yes_price_dollars"":""0.0310""}"
KXETH15M-26APR280545-45,93f7c87c-1547-578f-8b91-6177dd038795,1777369020,0.032,10.0,no,"{""count_fp"":""10.00"",""created_time"":""2026-04-28T09:37:00.116247Z"",""no_price_dollars"":""0.9680"",""taker_side"":""no"",""ticker"":""KXETH15M-26APR280545-45"",""trade_id"":""93f7c87c-1547-578f-8b91-6177dd038795"",""yes_price_dollars"":""0.0320""}"
KXETH15M-26APR280545-45,be41b070-dccd-4381-e180-3b86fa7b2f35,1777369021,0.041,40.0,no,"{""count_fp"":""40.00"",""created_time"":""2026-04-28T09:37:01.115182Z"",""no_price_dollars"":""0.9590"",""taker_side"":""no"",""ticker"":""KXETH15M-26APR280545-45"",""trade_id"":""be41b070-dccd-4381-e180-3b86fa7b2f35"",""yes_price_dollars"":""0.0410""}"
KXETH15M-26APR280545-45,5b0b0c4e-cb54-4cad-cc47-62bb16ac209b,1777369021,0.031,10.0,no,"{""count_fp"":""10.00"",""created_time"":""2026-04-28T09:37:01.115182Z"",""no_price_dollars"":""0.9690"",""taker_side"":""no"",""ticker"":""KXETH15M-26APR280545-45"",""trade_id"":""5b0b0c4e-cb54-4cad-cc47-62bb16ac209b"",""yes_price_dollars"":""0.0310""}"
KXETH15M-26APR280545-45,3ebb30ce-50e0-448a-cd43-e84eda3d24fb,1777369021,0.03,65.0,no,"{""count_fp"":""65.00"",""created_time"":""2026-04-28T09:37:01.115182Z"",""no_price_dollars"":""0.9700"",""taker_side"":""no"",""ticker"":""KXETH15M-26APR280545-45"",""trade_id"":""3ebb30ce-50e0-448a-cd43-e84eda3d24fb"",""yes_price_dollars"":""0.0300""}"
KXETH15M-26APR280545-45,dc0fe837-dd18-650a-c4e6-c453eefb1dcd,1777369023,0.022,79.0,no,"{""count_fp"":""79.00"",""created_time"":""2026-04-28T09:37:03.153199Z"",""no_price_dollars"":""0.9780"",""taker_side"":""no"",""ticker"":""KXETH15M-26APR280545-45"",""trade_id"":""dc0fe837-dd18-650a-c4e6-c453eefb1dcd"",""yes_price_dollars"":""0.0220""}"
KXETH15M-26APR280545-45,5d4234fb-3c11-621c-c63f-57cc39f78683,1777369023,0.034,10.0,no,"{""count_fp"":""10.00"",""created_time"":""2026-04-28T09:37:03.153199Z"",""no_price_dollars"":""0.9660"",""taker_side"":""no"",""ticker"":""KXETH15M-26APR280545-45"",""trade_id"":""5d4234fb-3c11-621c-c63f-57cc39f78683"",""yes_price_dollars"":""0.0340""}"
KXETH15M-26APR280545-45,4ae64a4b-4252-68eb-fe6d-92e81a9376d3,1777369023,0.023,10.0,no,"{""count_fp"":""10.00"",""created_time"":""2026-04-28T09:37:03.153199Z"",""no_price_dollars"":""0.9770"",""taker_side"":""no"",""ticker"":""KXETH15M-26APR280545-45"",""trade_id"":""4ae64a4b-4252-68eb-fe6d-92e81a9376d3"",""yes_price_dollars"":""0.0230""}"
KXETH15M-26APR280545-45,548aed03-2183-4550-45cc-1320bde9a4c7,1777369034,0.03,10.0,yes,"{""count_fp"":""10.00"",""created_time"":""2026-04-28T09:37:14.191773Z"",""no_price_dollars"":""0.9700"",""taker_side"":""yes"",""ticker"":""KXETH15M-26APR280545-45"",""trade_id"":""548aed03-2183-4550-45cc-1320bde9a4c7"",""yes_price_dollars"":""0.0300""}"
KXETH15M-26APR280545-45,01039d0e-bffa-44ad-ddc0-e2e338857da5,1777369084,0.023,2.0,no,"{""count_fp"":""2.00"",""created_time"":""2026-04-28T09:38:04.843998Z"",""no_price_dollars"":""0.9770"",""taker_side"":""no"",""ticker"":""KXETH15M-26APR280545-45"",""trade_id"":""01039d0e-bffa-44ad-ddc0-e2e338857da5"",""yes_price_dollars"":""0.0230""}"
KXETH15M-26APR280545-45,265bbe61-3e1f-5de2-afc4-a3065f974196,1777369090,0.025,7.0,no,"{""count_fp"":""7.00"",""created_time"":""2026-04-28T09:38:10.184087Z"",""no_price_dollars"":""0.9750"",""taker_side"":""no"",""ticker"":""KXETH15M-26APR280545-45"",""trade_id"":""265bbe61-3e1f-5de2-afc4-a3065f974196"",""yes_price_dollars"":""0.0250""}"
KXETH15M-26APR280545-45,f3043c40-d2e0-5daa-21ab-16affa61a34b,1777369090,0.02,91.0,no,"{""count_fp"":""91.00"",""created_time"":""2026-04-28T09:38:10.127106Z"",""no_price_dollars"":""0.9800"",""taker_side"":""no"",""ticker"":""KXETH15M-26APR280545-45"",""trade_id"":""f3043c40-d2e0-5daa-21ab-16affa61a34b"",""yes_price_dollars"":""0.0200""}"
KXETH15M-26APR280545-45,ad01bfb0-c93c-5752-3d9d-f1f0561ac0fd,1777369090,0.025,10.0,no,"{""count_fp"":""10.00"",""created_time"":""2026-04-28T09:38:10.127106Z"",""no_price_dollars"":""0.9750"",""taker_side"":""no"",""ticker"":""KXETH15M-26APR280545-45"",""trade_id"":""ad01bfb0-c93c-5752-3d9d-f1f0561ac0fd"",""yes_price_dollars"":""0.0250""}"
KXETH15M-26APR280545-45,92b16d58-1464-55a2-1a48-e7c24237a74d,1777369090,0.022,21.0,no,"{""count_fp"":""21.00"",""created_time"":""2026-04-28T09:38:10.127106Z"",""no_price_dollars"":""0.9780"",""taker_side"":""no"",""ticker"":""KXETH15M-26APR280545-45"",""trade_id"":""92b16d58-1464-55a2-1a48-e7c24237a74d"",""yes_price_dollars"":""0.0220""}"
KXETH15M-26APR280545-45,fc87da99-c87b-6ac1-3316-527d58cbfa02,1777369140,0.033,43.0,yes,"{""count_fp"":""43.00"",""created_time"":""2026-04-28T09:39:00.164022Z"",""no_price_dollars"":""0.9670"",""taker_side"":""yes"",""ticker"":""KXETH15M-26APR280545-45"",""trade_id"":""fc87da99-c87b-6ac1-3316-527d58cbfa02"",""yes_price_dollars"":""0.0330""}"
KXETH15M-26APR280545-45,98a02002-60c3-7be6-370d-3126c9cdcdba,1777369143,0.03,1.0,yes,"{""count_fp"":""1.00"",""created_time"":""2026-04-28T09:39:03.171341Z"",""no_price_dollars"":""0.9700"",""taker_side"":""yes"",""ticker"":""KXETH15M-26APR280545-45"",""trade_id"":""98a02002-60c3-7be6-370d-3126c9cdcdba"",""yes_price_dollars"":""0.0300""}"
KXETH15M-26APR280545-45,60b6439f-4c99-79d8-2f7e-df57fff432c6,1777369143,0.033,23.0,yes,"{""count_fp"":""23.00"",""created_time"":""2026-04-28T09:39:03.171341Z"",""no_price_dollars"":""0.9670"",""taker_side"":""yes"",""ticker"":""KXETH15M-26APR280545-45"",""trade_id"":""60b6439f-4c99-79d8-2f7e-df57fff432c6"",""yes_price_dollars"":""0.0330""}"
KXETH15M-26APR280545-45,ce044b25-9ed5-523c-c6cb-e6b31dc2f140,1777369146,0.04,5.0,yes,"{""count_fp"":""5.00"",""created_time"":""2026-04-28T09:39:06.131976Z"",""no_price_dollars"":""0.9600"",""taker_side"":""yes"",""ticker"":""KXETH15M-26APR280545-45"",""trade_id"":""ce044b25-9ed5-523c-c6cb-e6b31dc2f140"",""yes_price_dollars"":""0.0400""}"
KXETH15M-26APR280545-45,84eb85bb-78e2-51e6-d497-7d45d9f279ca,1777369146,0.04,19.0,yes,"{""count_fp"":""19.00"",""created_time"":""2026-04-28T09:39:06.131976Z"",""no_price_dollars"":""0.9600"",""taker_side"":""yes"",""ticker"":""KXETH15M-26APR280545-45"",""trade_id"":""84eb85bb-78e2-51e6-d497-7d45d9f279ca"",""yes_price_dollars"":""0.0400""}"
KXETH15M-26APR280545-45,452a5577-fc9a-75f1-2752-174b6f822aba,1777369147,0.03,7.0,yes,"{""count_fp"":""7.00"",""created_time"":""2026-04-28T09:39:07.160462Z"",""no_price_dollars"":""0.9700"",""taker_side"":""yes"",""ticker"":""KXETH15M-26APR280545-45"",""trade_id"":""452a5577-fc9a-75f1-2752-174b6f822aba"",""yes_price_dollars"":""0.0300""}"
KXETH15M-26APR280545-45,6ade0d6b-a040-57ae-f557-e4578705cc33,1777369150,0.02,177.0,no,"{""count_fp"":""177.00"",""created_time"":""2026-04-28T09:39:10.142937Z"",""no_price_dollars"":""0.9800"",""taker_side"":""no"",""ticker"":""KXETH15M-26APR280545-45"",""trade_id"":""6ade0d6b-a040-57ae-f557-e4578705cc33"",""yes_price_dollars"":""0.0200""}"
KXETH15M-26APR280545-45,4b17f42e-1c93-502e-ed7a-2b4f639a423b,1777369150,0.029,10.0,no,"{""count_fp"":""10.00"",""created_time"":""2026-04-28T09:39:10.142937Z"",""no_price_dollars"":""0.9710"",""taker_side"":""no"",""ticker"":""KXETH15M-26APR280545-45"",""trade_id"":""4b17f42e-1c93-502e-ed7a-2b4f639a423b"",""yes_price_dollars"":""0.0290""}"
KXETH15M-26APR280545-45,375fe6bf-52f8-61e2-a2c7-fafb7334791f,1777369151,0.02,17.99,no,"{""count_fp"":""17.99"",""created_time"":""2026-04-28T09:39:11.504089Z"",""no_price_dollars"":""0.9800"",""taker_side"":""no"",""ticker"":""KXETH15M-26APR280545-45"",""trade_id"":""375fe6bf-52f8-61e2-a2c7-fafb7334791f"",""yes_price_dollars"":""0.0200""}"
KXETH15M-26APR280545-45,ecfb1469-b945-66dd-eb0e-c877a7e01a5f,1777369157,0.015,1.0,no,"{""count_fp"":""1.00"",""created_time"":""2026-04-28T09:39:17.415253Z"",""no_price_dollars"":""0.9850"",""taker_side"":""no"",""ticker"":""KXETH15M-26APR280545-45"",""trade_id"":""ecfb1469-b945-66dd-eb0e-c877a7e01a5f"",""yes_price_dollars"":""0.0150""}"
KXETH15M-26APR280545-45,c3cdc6d5-6f60-6ab0-d2f0-bdea96742110,1777369157,0.016,15.0,no,"{""count_fp"":""15.00"",""created_time"":""2026-04-28T09:39:17.415253Z"",""no_price_dollars"":""0.9840"",""taker_side"":""no"",""ticker"":""KXETH15M-26APR280545-45"",""trade_id"":""c3cdc6d5-6f60-6ab0-d2f0-bdea96742110"",""yes_price_dollars"":""0.0160""}"
KXETH15M-26APR280545-45,a78a5d27-9482-6cde-f02e-edafd5c72150,1777369157,0.015,33.0,no,"{""count_fp"":""33.00"",""created_time"":""2026-04-28T09:39:17.415253Z"",""no_price_dollars"":""0.9850"",""taker_side"":""no"",""ticker"":""KXETH15M-26APR280545-45"",""trade_id"":""a78a5d27-9482-6cde-f02e-edafd5c72150"",""yes_price_dollars"":""0.0150""}"
KXETH15M-26APR280545-45,35c4001f-eb90-6053-e879-f6c76c9461dd,1777369157,0.018,1.0,no,"{""count_fp"":""1.00"",""created_time"":""2026-04-28T09:39:17.415253Z"",""no_price_dollars"":""0.9820"",""taker_side"":""no"",""ticker"":""KXETH15M-26APR280545-45"",""trade_id"":""35c4001f-eb90-6053-e879-f6c76c9461dd"",""yes_price_dollars"":""0.0180""}"
KXETH15M-26APR280545-45,78164bd4-9aeb-77a6-d493-838bb3f1b17e,1777369158,0.02,50.0,yes,"{""count_fp"":""50.00"",""created_time"":""2026-04-28T09:39:18.132643Z"",""no_price_dollars"":""0.9800"",""taker_side"":""yes"",""ticker"":""KXETH15M-26APR280545-45"",""trade_id"":""78164bd4-9aeb-77a6-d493-838bb3f1b17e"",""yes_price_dollars"":""0.0200""}"
KXETH15M-26APR280545-45,aad111c0-9f81-761e-96ea-e407a479ee5e,1777369163,0.026,24.0,yes,"{""count_fp"":""24.00"",""created_time"":""2026-04-28T09:39:23.189029Z"",""no_price_dollars"":""0.9740"",""taker_side"":""yes"",""ticker"":""KXETH15M-26APR280545-45"",""trade_id"":""aad111c0-9f81-761e-96ea-e407a479ee5e"",""yes_price_dollars"":""0.0260""}"
KXETH15M-26APR280545-45,0a25fc83-9ba2-58f4-ac39-10a884f7b80b,1777369167,0.018,45.0,yes,"{""count_fp"":""45.00"",""created_time"":""2026-04-28T09:39:27.133288Z"",""no_price_dollars"":""0.9820"",""taker_side"":""yes"",""ticker"":""KXETH15M-26APR280545-45"",""trade_id"":""0a25fc83-9ba2-58f4-ac39-10a884f7b80b"",""yes_price_dollars"":""0.0180""}"
KXETH15M-26APR280545-45,c1a13483-a944-5515-f5c9-2b7bd0607b22,1777369168,0.025,44.0,yes,"{""count_fp"":""44.00"",""created_time"":""2026-04-28T09:39:28.100754Z"",""no_price_dollars"":""0.9750"",""taker_side"":""yes"",""ticker"":""KXETH15M-26APR280545-45"",""trade_id"":""c1a13483-a944-5515-f5c9-2b7bd0607b22"",""yes_price_dollars"":""0.0250""}"
KXETH15M-26APR280545-45,9f023cb0-76dc-554f-cddf-56e6ecf1ab50,1777369168,0.028,87.96,yes,"{""count_fp"":""87.96"",""created_time"":""2026-04-28T09:39:28.100754Z"",""no_price_dollars"":""0.9720"",""taker_side"":""yes"",""ticker"":""KXETH15M-26APR280545-45"",""trade_id"":""9f023cb0-76dc-554f-cddf-56e6ecf1ab50"",""yes_price_dollars"":""0.0280""}"
KXETH15M-26APR280545-45,45cd561f-a1e0-61f8-16b1-488b261bc078,1777369169,0.013,2.0,no,"{""count_fp"":""2.00"",""created_time"":""2026-04-28T09:39:29.453775Z"",""no_price_dollars"":""0.9870"",""taker_side"":""no"",""ticker"":""KXETH15M-26APR280545-45"",""trade_id"":""45cd561f-a1e0-61f8-16b1-488b261bc078"",""yes_price_dollars"":""0.0130""}"
KXETH15M-26APR280545-45,ccf0e7d6-a940-5ce0-7742-d54471c58874,1777369169,0.013,1.0,no,"{""count_fp"":""1.00"",""created_time"":""2026-04-28T09:39:29.416362Z"",""no_price_dollars"":""0.9870"",""taker_side"":""no"",""ticker"":""KXETH15M-26APR280545-45"",""trade_id"":""ccf0e7d6-a940-5ce0-7742-d54471c58874"",""yes_price_dollars"":""0.0130""}"
KXETH15M-26APR280545-45,2c6dda66-c00a-5b90-424c-645250a379df,1777369169,0.013,1.0,no,"{""count_fp"":""1.00"",""created_time"":""2026-04-28T09:39:29.416362Z"",""no_price_dollars"":""0.9870"",""taker_side"":""no"",""ticker"":""KXETH15M-26APR280545-45"",""trade_id"":""2c6dda66-c00a-5b90-424c-645250a379df"",""yes_price_dollars"":""0.0130""}"
KXETH15M-26APR280545-45,18f334a7-1b60-5b03-638a-99e3739b48fe,1777369169,0.014,1.0,no,"{""count_fp"":""1.00"",""created_time"":""2026-04-28T09:39:29.416362Z"",""no_price_dollars"":""0.9860"",""taker_side"":""no"",""ticker"":""KXETH15M-26APR280545-45"",""trade_id"":""18f334a7-1b60-5b03-638a-99e3739b48fe"",""yes_price_dollars"":""0.0140""}"
KXETH15M-26APR280545-45,2b32a432-9a93-400b-491f-a7cb3362567d,1777369184,0.016,8.0,no,"{""count_fp"":""8.00"",""created_time"":""2026-04-28T09:39:44.226738Z"",""no_price_dollars"":""0.9840"",""taker_side"":""no"",""ticker"":""KXETH15M-26APR280545-45"",""trade_id"":""2b32a432-9a93-400b-491f-a7cb3362567d"",""yes_price_dollars"":""0.0160""}"
KXETH15M-26APR280545-45,b20874d4-033b-7b8f-8d1f-d35ff58f480d,1777369184,0.016,10.0,no,"{""count_fp"":""10.00"",""created_time"":""2026-04-28T09:39:44.187122Z"",""no_price_dollars"":""0.9840"",""taker_side"":""no"",""ticker"":""KXETH15M-26APR280545-45"",""trade_id"":""b20874d4-033b-7b8f-8d1f-d35ff58f480d"",""yes_price_dollars"":""0.0160""}"
KXETH15M-26APR280545-45,b21d7797-7448-7dbc-4887-ff6f3ca71d90,1777369184,0.011,52.0,no,"{""count_fp"":""52.00"",""created_time"":""2026-04-28T09:39:44.122595Z"",""no_price_dollars"":""0.9890"",""taker_side"":""no"",""ticker"":""KXETH15M-26APR280545-45"",""trade_id"":""b21d7797-7448-7dbc-4887-ff6f3ca71d90"",""yes_price_dollars"":""0.0110""}"
KXETH15M-26APR280545-45,ae189c18-0094-7380-6ab0-95ecdd16ff55,1777369184,0.011,39.0,no,"{""count_fp"":""39.00"",""created_time"":""2026-04-28T09:39:44.122595Z"",""no_price_dollars"":""0.9890"",""taker_side"":""no"",""ticker"":""KXETH15M-26APR280545-45"",""trade_id"":""ae189c18-0094-7380-6ab0-95ecdd16ff55"",""yes_price_dollars"":""0.0110""}"
KXETH15M-26APR280545-45,97055234-a798-78fc-4aa4-d612d65b2101,1777369184,0.011,1.0,no,"{""count_fp"":""1.00"",""created_time"":""2026-04-28T09:39:44.122595Z"",""no_price_dollars"":""0.9890"",""taker_side"":""no"",""ticker"":""KXETH15M-26APR280545-45"",""trade_id"":""97055234-a798-78fc-4aa4-d612d65b2101"",""yes_price_dollars"":""0.0110""}"
KXETH15M-26APR280545-45,5fc159b7-4b68-79b6-5c3d-10c8ef890a39,1777369184,0.012,49.0,no,"{""count_fp"":""49.00"",""created_time"":""2026-04-28T09:39:44.122595Z"",""no_price_dollars"":""0.9880"",""taker_side"":""no"",""ticker"":""KXETH15M-26APR280545-45"",""trade_id"":""5fc159b7-4b68-79b6-5c3d-10c8ef890a39"",""yes_price_dollars"":""0.0120""}"
KXETH15M-26APR280545-45,5ee93b6e-14f2-71a7-5675-d8fbbcc39148,1777369184,0.012,1.0,no,"{""count_fp"":""1.00"",""created_time"":""2026-04-28T09:39:44.122595Z"",""no_price_dollars"":""0.9880"",""taker_side"":""no"",""ticker"":""KXETH15M-26APR280545-45"",""trade_id"":""5ee93b6e-14f2-71a7-5675-d8fbbcc39148"",""yes_price_dollars"":""0.0120""}"
KXETH15M-26APR280545-45,2fc43413-dac0-771a-732f-c37bbefde89d,1777369184,0.015,10.0,no,"{""count_fp"":""10.00"",""created_time"":""2026-04-28T09:39:44.122595Z"",""no_price_dollars"":""0.9850"",""taker_side"":""no"",""ticker"":""KXETH15M-26APR280545-45"",""trade_id"":""2fc43413-dac0-771a-732f-c37bbefde89d"",""yes_price_dollars"":""0.0150""}"
KXETH15M-26APR280545-45,c5bc14c8-fd35-631f-3f59-31a5724f81bc,1777369202,0.022,1.0,yes,"{""count_fp"":""1.00"",""created_time"":""2026-04-28T09:40:02.889191Z"",""no_price_dollars"":""0.9780"",""taker_side"":""yes"",""ticker"":""KXETH15M-26APR280545-45"",""trade_id"":""c5bc14c8-fd35-631f-3f59-31a5724f81bc"",""yes_price_dollars"":""0.0220""}"
KXETH15M-26APR280545-45,53b6736e-dec2-65c1-4ba4-d47f5fa531d5,1777369206,0.011,12.0,no,"{""count_fp"":""12.00"",""created_time"":""2026-04-28T09:40:06.711978Z"",""no_price_dollars"":""0.9890"",""taker_side"":""no"",""ticker"":""KXETH15M-26APR280545-45"",""trade_id"":""53b6736e-dec2-65c1-4ba4-d47f5fa531d5"",""yes_price_dollars"":""0.0110""}"
KXETH15M-26APR280545-45,41d105a1-eb77-5cfb-b83c-731ab7912ef9,1777369208,0.01,3.02,no,"{""count_fp"":""3.02"",""created_time"":""2026-04-28T09:40:08.972639Z"",""no_price_dollars"":""0.9900"",""taker_side"":""no"",""ticker"":""KXETH15M-26APR280545-45"",""trade_id"":""41d105a1-eb77-5cfb-b83c-731ab7912ef9"",""yes_price_dollars"":""0.0100""}"
KXETH15M-26APR280545-45,dbc23618-1ec3-4117-d942-5aaf91fcd475,1777369214,0.01,2.0,no,"{""count_fp"":""2.00"",""created_time"":""2026-04-28T09:40:14.292861Z"",""no_price_dollars"":""0.9900"",""taker_side"":""no"",""ticker"":""KXETH15M-26APR280545-45"",""trade_id"":""dbc23618-1ec3-4117-d942-5aaf91fcd475"",""yes_price_dollars"":""0.0100""}"
KXETH15M-26APR280545-45,e53ff003-ab6b-58c4-7014-c8faa4875a23,1777369215,0.01,1.0,no,"{""count_fp"":""1.00"",""created_time"":""2026-04-28T09:40:15.127291Z"",""no_price_dollars"":""0.9900"",""taker_side"":""no"",""ticker"":""KXETH15M-26APR280545-45"",""trade_id"":""e53ff003-ab6b-58c4-7014-c8faa4875a23"",""yes_price_dollars"":""0.0100""}"
KXETH15M-26APR280545-45,c964989b-39a7-5727-48f2-9e2c7848063d,1777369215,0.01,47.98,no,"{""count_fp"":""47.98"",""created_time"":""2026-04-28T09:40:15.127291Z"",""no_price_dollars"":""0.9900"",""taker_side"":""no"",""ticker"":""KXETH15M-26APR280545-45"",""trade_id"":""c964989b-39a7-5727-48f2-9e2c7848063d"",""yes_price_dollars"":""0.0100""}"
KXETH15M-26APR280545-45,7b5c866e-be7f-5e0f-5335-cdc2e26270a3,1777369215,0.01,10.0,no,"{""count_fp"":""10.00"",""created_time"":""2026-04-28T09:40:15.127291Z"",""no_price_dollars"":""0.9900"",""taker_side"":""no"",""ticker"":""KXETH15M-26APR280545-45"",""trade_id"":""7b5c866e-be7f-5e0f-5335-cdc2e26270a3"",""yes_price_dollars"":""0.0100""}"
KXETH15M-26APR280545-45,60851a4b-e113-507f-6ce2-d2c9c8e99cef,1777369215,0.01,1.0,no,"{""count_fp"":""1.00"",""created_time"":""2026-04-28T09:40:15.127291Z"",""no_price_dollars"":""0.9900"",""taker_side"":""no"",""ticker"":""KXETH15M-26APR280545-45"",""trade_id"":""60851a4b-e113-507f-6ce2-d2c9c8e99cef"",""yes_price_dollars"":""0.0100""}"
KXETH15M-26APR280545-45,47c97549-8303-5be6-4152-c3cdfd41aa86,1777369215,0.01,1.0,no,"{""count_fp"":""1.00"",""created_time"":""2026-04-28T09:40:15.127291Z"",""no_price_dollars"":""0.9900"",""taker_side"":""no"",""ticker"":""KXETH15M-26APR280545-45"",""trade_id"":""47c97549-8303-5be6-4152-c3cdfd41aa86"",""yes_price_dollars"":""0.0100""}"
KXETH15M-26APR280545-45,4498453b-bb87-5ed0-5543-f583a7c1ce25,1777369215,0.01,2.0,no,"{""count_fp"":""2.00"",""created_time"":""2026-04-28T09:40:15.127291Z"",""no_price_dollars"":""0.9900"",""taker_side"":""no"",""ticker"":""KXETH15M-26APR280545-45"",""trade_id"":""4498453b-bb87-5ed0-5543-f583a7c1ce25"",""yes_price_dollars"":""0.0100""}"
KXETH15M-26APR280545-45,f97c7d79-63e9-55c5-622d-1683cda2a9c9,1777369257,0.011,39.13,yes,"{""count_fp"":""39.13"",""created_time"":""2026-04-28T09:40:57.446513Z"",""no_price_dollars"":""0.9890"",""taker_side"":""yes"",""ticker"":""KXETH15M-26APR280545-45"",""trade_id"":""f97c7d79-63e9-55c5-622d-1683cda2a9c9"",""yes_price_dollars"":""0.0110""}"
KXETH15M-26APR280545-45,dcc39d53-8cf2-5bd8-42e4-6922d4708fbe,1777369257,0.011,3.0,yes,"{""count_fp"":""3.00"",""created_time"":""2026-04-28T09:40:57.446513Z"",""no_price_dollars"":""0.9890"",""taker_side"":""yes"",""ticker"":""KXETH15M-26APR280545-45"",""trade_id"":""dcc39d53-8cf2-5bd8-42e4-6922d4708fbe"",""yes_price_dollars"":""0.0110""}"
KXETH15M-26APR280545-45,c1ecf46c-f39f-5db6-52ae-f37560cfbf09,1777369257,0.01,1.0,yes,"{""count_fp"":""1.00"",""created_time"":""2026-04-28T09:40:57.446513Z"",""no_price_dollars"":""0.9900"",""taker_side"":""yes"",""ticker"":""KXETH15M-26APR280545-45"",""trade_id"":""c1ecf46c-f39f-5db6-52ae-f37560cfbf09"",""yes_price_dollars"":""0.0100""}"
KXETH15M-26APR280545-45,9553b2f0-d0fc-539a-4720-06fa65ca265f,1777369257,0.01,26.72,yes,"{""count_fp"":""26.72"",""created_time"":""2026-04-28T09:40:57.446513Z"",""no_price_dollars"":""0.9900"",""taker_side"":""yes"",""ticker"":""KXETH15M-26APR280545-45"",""trade_id"":""9553b2f0-d0fc-539a-4720-06fa65ca265f"",""yes_price_dollars"":""0.0100""}"
KXETH15M-26APR280545-45,74cf31ab-8892-51a6-7a37-6111531f0732,1777369257,0.01,10.0,yes,"{""count_fp"":""10.00"",""created_time"":""2026-04-28T09:40:57.446513Z"",""no_price_dollars"":""0.9900"",""taker_side"":""yes"",""ticker"":""KXETH15M-26APR280545-45"",""trade_id"":""74cf31ab-8892-51a6-7a37-6111531f0732"",""yes_price_dollars"":""0.0100""}"
KXETH15M-26APR280545-45,61c757d4-fdb4-5c3f-4cb0-9c0a19a2c594,1777369257,0.011,44.0,yes,"{""count_fp"":""44.00"",""created_time"":""2026-04-28T09:40:57.446513Z"",""no_price_dollars"":""0.9890"",""taker_side"":""yes"",""ticker"":""KXETH15M-26APR280545-45"",""trade_id"":""61c757d4-fdb4-5c3f-4cb0-9c0a19a2c594"",""yes_price_dollars"":""0.0110""}"
KXETH15M-26APR280545-45,0563c2d1-85a7-5a57-b085-9d25da1d9776,1777369321,0.009,1.0,no,"{""count_fp"":""1.00"",""created_time"":""2026-04-28T09:42:01.845927Z"",""no_price_dollars"":""0.9910"",""taker_side"":""no"",""ticker"":""KXETH15M-26APR280545-45"",""trade_id"":""0563c2d1-85a7-5a57-b085-9d25da1d9776"",""yes_price_dollars"":""0.0090""}"
KXETH15M-26APR280545-45,2af58c16-024a-72f0-da2a-80a0c3d5526b,1777369321,0.01,1.0,yes,"{""count_fp"":""1.00"",""created_time"":""2026-04-28T09:42:01.137786Z"",""no_price_dollars"":""0.9900"",""taker_side"":""yes"",""ticker"":""KXETH15M-26APR280545-45"",""trade_id"":""2af58c16-024a-72f0-da2a-80a0c3d5526b"",""yes_price_dollars"":""0.0100""}"
KXETH15M-26APR280545-45,4549e884-ad7a-522b-9251-46ac68d7eef2,1777369339,0.005,1.0,no,"{""count_fp"":""1.00"",""created_time"":""2026-04-28T09:42:19.100332Z"",""no_price_dollars"":""0.9950"",""taker_side"":""no"",""ticker"":""KXETH15M-26APR280545-45"",""trade_id"":""4549e884-ad7a-522b-9251-46ac68d7eef2"",""yes_price_dollars"":""0.0050""}"
KXETH15M-26APR280545-45,00e62fc0-aa8a-6c7c-cf41-0fee22d86877,1777369351,0.003,10.0,yes,"{""count_fp"":""10.00"",""created_time"":""2026-04-28T09:42:31.752782Z"",""no_price_dollars"":""0.9970"",""taker_side"":""yes"",""ticker"":""KXETH15M-26APR280545-45"",""trade_id"":""00e62fc0-aa8a-6c7c-cf41-0fee22d86877"",""yes_price_dollars"":""0.0030""}"
KXETH15M-26APR280545-45,f9c556c7-a8f5-74c8-8be6-6691bcffa9af,1777369377,0.001,50.0,no,"{""count_fp"":""50.00"",""created_time"":""2026-04-28T09:42:57.732321Z"",""no_price_dollars"":""0.9990"",""taker_side"":""no"",""ticker"":""KXETH15M-26APR280545-45"",""trade_id"":""f9c556c7-a8f5-74c8-8be6-6691bcffa9af"",""yes_price_dollars"":""0.0010""}"
KXETH15M-26APR280545-45,b22bcc1e-2797-75e3-bcc6-3af69c809cf5,1777369377,0.001,50.0,no,"{""count_fp"":""50.00"",""created_time"":""2026-04-28T09:42:57.732321Z"",""no_price_dollars"":""0.9990"",""taker_side"":""no"",""ticker"":""KXETH15M-26APR280545-45"",""trade_id"":""b22bcc1e-2797-75e3-bcc6-3af69c809cf5"",""yes_price_dollars"":""0.0010""}"
KXETH15M-26APR280545-45,a17ca41b-a997-72f5-b4bd-2eb32e55a890,1777369377,0.001,1.0,no,"{""count_fp"":""1.00"",""created_time"":""2026-04-28T09:42:57.732321Z"",""no_price_dollars"":""0.9990"",""taker_side"":""no"",""ticker"":""KXETH15M-26APR280545-45"",""trade_id"":""a17ca41b-a997-72f5-b4bd-2eb32e55a890"",""yes_price_dollars"":""0.0010""}"
KXETH15M-26APR280545-45,55bf9930-7b38-7e8c-957f-042f08882571,1777369377,0.001,100.0,no,"{""count_fp"":""100.00"",""created_time"":""2026-04-28T09:42:57.732321Z"",""no_price_dollars"":""0.9990"",""taker_side"":""no"",""ticker"":""KXETH15M-26APR280545-45"",""trade_id"":""55bf9930-7b38-7e8c-957f-042f08882571"",""yes_price_dollars"":""0.0010""}"
KXETH15M-26APR280545-45,49f95aa6-359a-7121-960e-22b5a3dcc0cc,1777369377,0.001,100.0,no,"{""count_fp"":""100.00"",""created_time"":""2026-04-28T09:42:57.732321Z"",""no_price_dollars"":""0.9990"",""taker_side"":""no"",""ticker"":""KXETH15M-26APR280545-45"",""trade_id"":""49f95aa6-359a-7121-960e-22b5a3dcc0cc"",""yes_price_dollars"":""0.0010""}"
KXETH15M-26APR280545-45,1c04c577-b20f-7b33-8fbf-21ba44a4ec7b,1777369377,0.001,1.0,no,"{""count_fp"":""1.00"",""created_time"":""2026-04-28T09:42:57.732321Z"",""no_price_dollars"":""0.9990"",""taker_side"":""no"",""ticker"":""KXETH15M-26APR280545-45"",""trade_id"":""1c04c577-b20f-7b33-8fbf-21ba44a4ec7b"",""yes_price_dollars"":""0.0010""}"
